{"clarity":4.666666666666667,"easy":3.3333333333333335,"overall":4.666666666666667,"quality":{"awesome":3,"good":2}}