{"clarity":2.7222222222222223,"easy":4.555555555555555,"overall":2.6666666666666665,"quality":{"awesome":6,"good":4,"poor":6,"awful":6}}