{"clarity":3.8461538461538463,"easy":1.9230769230769231,"overall":3.8461538461538463,"quality":{"awesome":6,"average":4,"good":5,"poor":2}}