{"clarity":4.333333333333333,"easy":3.6666666666666665,"overall":4.333333333333333,"quality":{"awesome":5,"good":2,"poor":2}}