{"clarity":1.6666666666666667,"easy":3.5,"overall":1.6666666666666667,"quality":{"poor":5,"awful":3}}