{"clarity":4.888888888888889,"easy":3.3333333333333335,"overall":4.833333333333333,"quality":{"awesome":9,"good":2}}