{"clarity":4.724137931034483,"easy":3.7241379310344827,"overall":4.706896551724138,"quality":{"awesome":27,"good":2,"average":3}}