{"clarity":3.857142857142857,"easy":3.4285714285714284,"overall":4,"quality":{"good":4,"poor":2,"awesome":4}}