{"clarity":3.762237762237762,"easy":3.195804195804196,"overall":3.8846153846153846,"quality":{"good":52,"awesome":60,"average":21,"poor":14}}