{"clarity":1.9230769230769231,"easy":3.6153846153846154,"overall":2.076923076923077,"quality":{"awful":5,"poor":6,"good":2,"awesome":2,"average":3}}