{"clarity":3.8333333333333335,"easy":2.5,"overall":4.083333333333333,"quality":{"awesome":6,"poor":2}}