{"clarity":4.090909090909091,"easy":3.090909090909091,"overall":4.090909090909091,"quality":{"awesome":9,"awful":2,"average":2,"good":2}}