{"clarity":4.5,"easy":2.3333333333333335,"overall":4.291666666666667,"quality":{"awesome":10,"poor":3,"good":2}}