{"clarity":3.5714285714285716,"easy":3.1785714285714284,"overall":3.4642857142857144,"quality":{"poor":7,"awesome":10,"good":8,"average":6,"awful":2}}