{"clarity":4.693333333333333,"easy":2.844444444444444,"overall":4.622222222222222,"quality":{"awesome":23,"good":7,"poor":3}}