{"clarity":2.8333333333333335,"easy":3.5833333333333335,"overall":2.9166666666666665,"quality":{"awful":5,"awesome":4,"good":3,"average":4}}