{"clarity":4.923076923076923,"easy":2.6923076923076925,"overall":4.8076923076923075,"quality":{"awesome":13,"average":2}}