{"clarity":4.5,"easy":3.142857142857143,"overall":4.571428571428571,"quality":{"awesome":12,"good":3,"average":2}}