{"clarity":2,"easy":3.3333333333333335,"overall":2.3333333333333335,"quality":{"awesome":2,"awful":2,"poor":2}}