{"clarity":3.2093023255813953,"easy":3.627906976744186,"overall":3.104651162790698,"quality":{"awesome":11,"good":11,"average":10,"poor":12,"awful":4}}