{"clarity":1.3611111111111114,"easy":3.8888888888888893,"overall":1.652777777777778,"quality":{"awful":9,"average":3,"poor":3}}