{"clarity":4,"easy":3.107142857142857,"overall":4.232142857142857,"quality":{"good":12,"awesome":16,"average":3}}