{"clarity":4.666666666666667,"easy":1.3333333333333333,"overall":4.666666666666667,"quality":{"awesome":3,"good":2}}