{"clarity":4.233333333333333,"easy":3.533333333333333,"overall":4.433333333333334,"quality":{"good":5,"awesome":24,"average":3,"poor":2}}