{"clarity":2.588235294117647,"easy":3.588235294117647,"overall":2.6470588235294117,"quality":{"awful":4,"awesome":3,"average":4,"poor":6,"good":5}}