{"clarity":3.8333333333333335,"easy":3.5,"overall":3.4166666666666665,"quality":{"good":2,"poor":2,"awesome":3,"average":3}}