{"clarity":4.142857142857143,"easy":3.857142857142857,"overall":4.428571428571429,"quality":{"awesome":6,"good":3}}