{"clarity":3.3225806451612905,"easy":3.3225806451612905,"overall":3.064516129032258,"quality":{"good":8,"awesome":8,"average":7,"poor":10,"awful":3}}