{"clarity":3.409090909090909,"easy":2.4545454545454546,"overall":3.4318181818181817,"quality":{"good":6,"awesome":10,"poor":6,"average":4}}