{"clarity":3.3214285714285716,"easy":2.7261904761904763,"overall":3.4583333333333335,"quality":{"average":14,"poor":16,"good":20,"awesome":31,"awful":8}}