{"clarity":2.462686567164179,"easy":2.798507462686567,"overall":2.455223880597015,"quality":{"average":22,"poor":37,"awful":37,"good":24,"awesome":19}}