{"clarity":4.071428571428571,"easy":2.142857142857143,"overall":4,"quality":{"poor":2,"good":7,"awesome":7,"average":2}}