{"clarity":3,"easy":3.764705882352941,"overall":2.676470588235294,"quality":{"poor":7,"good":4,"awesome":4,"awful":3,"average":4}}