{"clarity":4.733333333333333,"easy":2.6666666666666665,"overall":4.6,"quality":{"good":2,"awesome":14,"poor":2}}