{"clarity":4.428571428571429,"easy":2.5238095238095237,"overall":4.619047619047619,"quality":{"average":2,"awesome":20,"poor":2}}