{"clarity":2.7333333333333334,"easy":1.8,"overall":2.8333333333333335,"quality":{"average":5,"poor":6,"awful":2,"awesome":4,"good":3}}