{"clarity":4.631578947368421,"easy":3.263157894736842,"overall":4.631578947368421,"quality":{"good":5,"awesome":16}}