{"clarity":4,"easy":2.3333333333333335,"overall":4.166666666666667,"quality":{"awesome":3,"average":2}}