{"clarity":2.5833333333333335,"easy":3.6666666666666665,"overall":2.9791666666666665,"quality":{"average":8,"poor":4,"awful":4,"good":10,"awesome":3}}