{"clarity":3.2777777777777777,"easy":3.388888888888889,"overall":3.3055555555555554,"quality":{"average":6,"awesome":6,"awful":2,"poor":3,"good":6}}