{"clarity":2.3333333333333335,"easy":3.3333333333333335,"overall":2.5,"quality":{"awful":2,"good":2,"average":2}}