{"clarity":2.3846153846153846,"easy":3.4615384615384617,"overall":2.269230769230769,"quality":{"awful":4,"poor":6,"average":2,"awesome":2,"good":4}}