{"clarity":2.3333333333333335,"easy":2.6666666666666665,"overall":1.8333333333333333,"quality":{"awful":2,"poor":2,"average":2}}