{"clarity":3.727272727272727,"easy":2.272727272727273,"overall":3.6818181818181817,"quality":{"good":5,"awesome":4,"average":5}}