{"clarity":3.026315789473684,"easy":4,"overall":3.210526315789474,"quality":{"awesome":14,"average":8,"good":9,"awful":10,"poor":2}}