{"clarity":4.6977040816326525,"easy":3.3660714285714284,"overall":4.790178571428571,"quality":{"good":11,"awesome":45,"average":3}}