{"clarity":3.4444444444444446,"easy":3.425925925925926,"overall":3.3796296296296298,"quality":{"awesome":36,"poor":21,"good":27,"average":20,"awful":9}}