{"clarity":2.7017543859649122,"easy":3.0701754385964914,"overall":2.763157894736842,"quality":{"good":11,"average":17,"awesome":10,"poor":10,"awful":14}}