{"clarity":4.571428571428571,"easy":2,"overall":4.428571428571429,"quality":{"awesome":6,"average":2,"good":2}}