{"clarity":3.4864864864864864,"easy":3.891891891891892,"overall":3.4864864864864864,"quality":{"average":6,"good":6,"awesome":19,"poor":4,"awful":7}}