{"clarity":2.9574468085106385,"easy":3.425531914893617,"overall":2.74468085106383,"quality":{"average":16,"poor":16,"awesome":8,"awful":5,"good":7}}