{"clarity":3.4285714285714284,"easy":2.7142857142857144,"overall":3.2857142857142856,"quality":{"average":2,"awesome":3,"good":3,"poor":2,"awful":2}}