{"clarity":4.809523809523809,"easy":2.6666666666666665,"overall":4.761904761904762,"quality":{"awesome":20,"average":2,"good":2}}