{"clarity":2.4482758620689653,"easy":4.172413793103448,"overall":2.413793103448276,"quality":{"awful":9,"good":5,"awesome":5,"average":5,"poor":10}}