{"clarity":2.5833333333333335,"easy":3,"overall":2.7083333333333335,"quality":{"poor":4,"awesome":3,"good":4,"average":2,"awful":4}}