{"clarity":4.222222222222222,"easy":3.5555555555555554,"overall":4.055555555555555,"quality":{"awesome":6,"good":4,"awful":2}}