{"clarity":4.411764705882353,"easy":2.2941176470588234,"overall":4.4411764705882355,"quality":{"awesome":14,"good":4,"awful":2}}