{"clarity":4.235294117647059,"easy":2.3529411764705883,"overall":4.205882352941177,"quality":{"awesome":10,"good":7,"poor":2,"average":2}}