{"clarity":4.166666666666667,"easy":2.3333333333333335,"overall":4.333333333333333,"quality":{"awesome":4,"good":4}}