{"clarity":4.214285714285714,"easy":2.142857142857143,"overall":4.357142857142857,"quality":{"awesome":10,"good":5,"average":2}}