{"clarity":4.3076923076923075,"easy":2.076923076923077,"overall":4.461538461538462,"quality":{"good":6,"awesome":9}}