{"clarity":3.172727272727273,"easy":2.272727272727273,"overall":3.1272727272727274,"quality":{"average":31,"good":34,"awesome":21,"awful":11,"poor":18}}