{"clarity":3.2686980609418286,"easy":2.880886426592798,"overall":3.628808864265928,"quality":{"average":15,"poor":7,"good":7,"awesome":13}}