{"clarity":4.777777777777778,"easy":3.5555555555555554,"overall":4.722222222222222,"quality":{"awesome":9,"good":2}}