{"clarity":2.142857142857143,"easy":3.4285714285714284,"overall":2.2142857142857144,"quality":{"awesome":2,"good":2,"awful":4,"poor":3}}