{"clarity":4.45925925925926,"easy":2.037037037037037,"overall":4.288888888888889,"quality":{"average":12,"awesome":88,"good":30,"poor":6,"awful":4}}