{"clarity":3.6666666666666665,"easy":3.3333333333333335,"overall":4,"quality":{"awful":2,"awesome":5,"good":2}}