{"clarity":2.75,"easy":3.9166666666666665,"overall":2.5833333333333335,"quality":{"average":2,"good":4,"awesome":3,"poor":5,"awful":3}}