{"clarity":3.3658536585365852,"easy":3.6097560975609757,"overall":3.4634146341463414,"quality":{"awesome":15,"average":14,"good":9,"poor":6,"awful":2}}