{"clarity":3.4615384615384617,"easy":3.1538461538461537,"overall":3.5,"quality":{"average":5,"good":2,"awful":3,"awesome":7}}