{"clarity":4.578947368421052,"easy":3.1052631578947367,"overall":4.578947368421052,"quality":{"awesome":16,"good":4,"awful":2}}