{"clarity":3.3333333333333335,"easy":3.6666666666666665,"overall":3.1666666666666665,"quality":{"average":3,"awesome":3,"good":4,"awful":2,"poor":2}}