{"clarity":4.888888888888889,"easy":2.2222222222222223,"overall":4.777777777777778,"quality":{"awesome":8,"good":3}}