{"clarity":4.592592592592593,"easy":3.814814814814815,"overall":4.518518518518518,"quality":{"good":6,"awesome":20,"average":4}}