{"clarity":4,"easy":2.6363636363636362,"overall":4.136363636363637,"quality":{"good":6,"awesome":6,"average":2}}