{"clarity":4.782608695652174,"easy":2.5652173913043477,"overall":4.695652173913044,"quality":{"awesome":20,"good":4,"average":2}}