{"clarity":4.454545454545454,"easy":3,"overall":4.636363636363637,"quality":{"good":3,"awesome":10}}