{"clarity":3.789473684210526,"easy":3.8947368421052633,"overall":3.9473684210526314,"quality":{"poor":2,"good":6,"awesome":10,"average":5}}