{"clarity":4.111111111111111,"easy":3.111111111111111,"overall":4.222222222222222,"quality":{"good":4,"awesome":6,"poor":2}}