{"clarity":1.993827160493827,"easy":3.2253086419753085,"overall":2.0231481481481484,"quality":{"awful":13,"poor":13,"average":7,"good":7}}