{"clarity":4.333333333333333,"easy":2.8333333333333335,"overall":4.166666666666667,"quality":{"average":2,"good":2,"awesome":5}}