{"clarity":3.7142857142857144,"easy":1.2857142857142858,"overall":3.857142857142857,"quality":{"awesome":3,"average":3,"good":4}}