{"clarity":4.040816326530613,"easy":3.3922902494331066,"overall":4.190476190476191,"quality":{"awesome":23,"poor":5,"good":11,"average":7}}