{"clarity":2.3333333333333335,"easy":3.3333333333333335,"overall":2.1666666666666665,"quality":{"awful":2,"average":3}}