{"clarity":4.333333333333333,"easy":2.6666666666666665,"overall":4.666666666666667,"quality":{"awesome":4}}