{"clarity":4.018867924528302,"easy":2.0943396226415096,"overall":3.858490566037736,"quality":{"awful":2,"average":13,"awesome":21,"good":17,"poor":5}}