{"clarity":3.230769230769231,"easy":4.461538461538462,"overall":3.3461538461538463,"quality":{"poor":8,"awesome":11,"average":5,"good":4,"awful":3}}