{"clarity":3.843137254901961,"easy":3.8823529411764706,"overall":3.843137254901961,"quality":{"awful":6,"awesome":29,"poor":5,"average":5,"good":11}}