{"clarity":3.8333333333333335,"easy":1.9166666666666667,"overall":3.7916666666666665,"quality":{"good":6,"poor":3,"average":2,"awesome":5}}