{"clarity":4.2727272727272725,"easy":3.6363636363636362,"overall":4.077922077922078,"quality":{"awesome":42,"awful":3,"good":24,"poor":6,"average":7}}