{"clarity":3.8333333333333335,"easy":2.6666666666666665,"overall":3.9166666666666665,"quality":{"good":7,"poor":3,"average":4,"awful":2,"awesome":13}}