{"clarity":1.7222222222222223,"easy":4.333333333333333,"overall":1.6666666666666667,"quality":{"average":3,"awful":13,"good":2,"poor":3,"awesome":2}}