{"clarity":3.925925925925926,"easy":3.4814814814814814,"overall":3.6296296296296298,"quality":{"awesome":13,"good":5,"average":8,"poor":4,"awful":2}}