{"clarity":1.8571428571428572,"easy":1.4285714285714286,"overall":2.0714285714285716,"quality":{"awful":2,"poor":4,"average":4}}