{"clarity":2.235294117647059,"easy":4.117647058823529,"overall":2.176470588235294,"quality":{"poor":13,"awful":13,"good":3,"average":3,"awesome":7}}