{"clarity":3.3333333333333335,"easy":3,"overall":3.3333333333333335,"quality":{"good":2,"poor":3,"average":2,"awesome":3}}