{"clarity":4.181818181818182,"easy":2.727272727272727,"overall":4.318181818181818,"quality":{"average":2,"awesome":10,"awful":2}}