{"clarity":3.142857142857143,"easy":3.2857142857142856,"overall":2.7857142857142856,"quality":{"poor":5,"awesome":2,"good":2,"average":2}}