{"clarity":2.933333333333333,"easy":2.8,"overall":3.033333333333333,"quality":{"average":5,"poor":4,"awesome":5,"awful":3,"good":3}}