{"clarity":2.9166666666666665,"easy":4.472222222222222,"overall":2.634259259259259,"quality":{"awful":22,"poor":30,"good":23,"awesome":17,"average":21}}