{"clarity":2.5813953488372094,"easy":2.2093023255813953,"overall":2.9302325581395348,"quality":{"poor":10,"awesome":8,"average":9,"awful":7,"good":14}}