{"clarity":4.333333333333333,"easy":3.8333333333333335,"overall":4.25,"quality":{"awesome":5,"average":3}}