{"clarity":3.1515151515151514,"easy":3.0303030303030303,"overall":3.0757575757575757,"quality":{"good":6,"awesome":9,"average":11,"poor":10,"awful":2}}