{"clarity":2.652173913043478,"easy":3.3043478260869565,"overall":2.6739130434782608,"quality":{"awesome":9,"good":2,"awful":10,"average":3,"poor":4}}