{"clarity":4.351351351351352,"easy":3.3783783783783785,"overall":4.486486486486487,"quality":{"awesome":26,"good":11,"average":3}}