{"clarity":4.3076923076923075,"easy":3,"overall":4.3076923076923075,"quality":{"awesome":10,"average":5}}