{"clarity":4.190476190476191,"easy":2.0952380952380953,"overall":4.261904761904762,"quality":{"awesome":12,"average":5,"good":7}}