{"clarity":2.5384615384615383,"easy":3.1538461538461537,"overall":2.5,"quality":{"awesome":3,"good":4,"awful":5,"poor":5}}