{"clarity":3.909090909090909,"easy":1.9545454545454546,"overall":4.363636363636363,"quality":{"awesome":15,"good":9}}