{"clarity":2.7142857142857144,"easy":4.142857142857143,"overall":2.7857142857142856,"quality":{"awesome":2,"awful":2,"average":4,"poor":2,"good":2}}