{"clarity":3.9322033898305087,"easy":3.0254237288135593,"overall":4.258474576271187,"quality":{"awesome":79,"awful":2,"good":22,"average":14,"poor":6}}