{"clarity":4.666666666666667,"easy":2.6666666666666665,"overall":4.833333333333333,"quality":{"awesome":4}}