{"clarity":2.4285714285714284,"easy":3.5714285714285716,"overall":2.5476190476190474,"quality":{"awesome":6,"good":4,"poor":4,"average":3,"awful":9}}