{"clarity":3.6666666666666665,"easy":3.111111111111111,"overall":3.388888888888889,"quality":{"poor":2,"good":5,"awful":2,"awesome":3,"average":2}}