{"clarity":2.25,"easy":4.333333333333333,"overall":2.4166666666666665,"quality":{"average":4,"good":3,"poor":5,"awful":3,"awesome":2}}