{"clarity":3.6666666666666665,"easy":3.238888888888889,"overall":3.5388888888888888,"quality":{"average":24,"awesome":80,"good":37,"poor":26,"awful":18}}