{"clarity":4.29559748427673,"easy":2.6792452830188678,"overall":4.09433962264151,"quality":{"awesome":96,"average":17,"awful":4,"good":33,"poor":14}}