{"clarity":3.909090909090909,"easy":2.8181818181818183,"overall":3.727272727272727,"quality":{"awesome":6,"good":4,"average":3,"poor":2}}