{"clarity":2,"easy":3.2857142857142856,"overall":2.357142857142857,"quality":{"awesome":3,"good":4,"poor":5,"awful":5,"average":2}}