{"clarity":3.888888888888889,"easy":2.7777777777777777,"overall":3.8333333333333335,"quality":{"poor":2,"awful":2,"good":3,"awesome":6}}