{"clarity":3.7777777777777777,"easy":3.5555555555555554,"overall":3.5,"quality":{"awesome":5,"average":3,"poor":3,"good":2}}