{"clarity":2.3333333333333335,"easy":3.4444444444444446,"overall":2.5833333333333335,"quality":{"good":5,"average":6,"awful":5,"poor":4,"awesome":3}}