{"clarity":5,"easy":2.4285714285714284,"overall":4.928571428571429,"quality":{"awesome":8}}