{"clarity":4.066666666666666,"easy":1.9333333333333333,"overall":4.3,"quality":{"good":7,"average":2,"awesome":9}}