{"clarity":4.117647058823529,"easy":3.176470588235294,"overall":4.294117647058823,"quality":{"awesome":12,"good":5,"poor":2,"average":2}}