{"clarity":3.6451612903225805,"easy":2.7419354838709675,"overall":3.774193548387097,"quality":{"good":8,"awesome":16,"poor":4,"awful":3,"average":5}}