{"clarity":2.828125,"easy":1.90625,"overall":2.7421875,"quality":{"awful":12,"poor":16,"average":16,"awesome":11,"good":14}}