{"clarity":2.6666666666666665,"easy":4.666666666666667,"overall":2.5,"quality":{"awesome":4,"poor":4,"average":3,"awful":5}}