{"clarity":3.6666666666666665,"easy":3.6666666666666665,"overall":3.8333333333333335,"quality":{"awesome":2,"average":2,"good":2}}