{"clarity":4.095238095238095,"easy":3.6666666666666665,"overall":4.166666666666667,"quality":{"awesome":14,"good":5,"average":3,"awful":2,"poor":2}}