{"clarity":3.5555555555555554,"easy":2.6666666666666665,"overall":3.5,"quality":{"poor":2,"awesome":4,"good":5,"awful":2}}