{"clarity":4.3076923076923075,"easy":2.8461538461538463,"overall":4.384615384615385,"quality":{"poor":2,"good":2,"awesome":11,"average":2}}