{"clarity":4.434782608695652,"easy":3.608695652173913,"overall":4.391304347826087,"quality":{"awesome":16,"good":8,"average":2}}