{"clarity":2.2857142857142856,"easy":4.285714285714286,"overall":2.0714285714285716,"quality":{"awful":5,"poor":2,"awesome":2,"good":2}}