{"clarity":2.242424242424242,"easy":3.8484848484848486,"overall":2.1515151515151514,"quality":{"average":9,"good":5,"poor":10,"awful":11,"awesome":3}}