{"clarity":3.617021276595745,"easy":3.117021276595745,"overall":3.617021276595745,"quality":{"awesome":34,"good":29,"poor":10,"average":19,"awful":7}}