{"clarity":4.217391304347826,"easy":3.0304347826086957,"overall":4.3130434782608695,"quality":{"awesome":148,"good":55,"average":22,"poor":6,"awful":4}}