{"clarity":4.821782178217822,"easy":2.396039603960396,"overall":4.757425742574258,"quality":{"awesome":92,"good":7,"average":3,"awful":2,"poor":2}}