{"clarity":4.333333333333333,"easy":2,"overall":4.666666666666667,"quality":{"awesome":4}}