{"clarity":4.833333333333333,"easy":3.1666666666666665,"overall":4.916666666666667,"quality":{"awesome":7}}