{"clarity":5,"easy":1.7777777777777777,"overall":4.833333333333333,"quality":{"awesome":10}}