{"clarity":3.857142857142857,"easy":3.5714285714285716,"overall":3.357142857142857,"quality":{"average":3,"poor":2,"awesome":3,"good":3}}