{"clarity":4.333333333333333,"easy":1.3333333333333333,"overall":4.666666666666667,"quality":{"good":2,"awesome":3}}