{"clarity":3.6666666666666665,"easy":3.3333333333333335,"overall":3.6666666666666665,"quality":{"awesome":3,"poor":2}}