{"clarity":3.3333333333333335,"easy":1.8333333333333333,"overall":3.3333333333333335,"quality":{"awesome":2,"good":4,"poor":2,"average":2}}