{"clarity":3.6923076923076925,"easy":3.769230769230769,"overall":3.8461538461538463,"quality":{"good":10,"poor":6,"awesome":19,"average":8}}