{"clarity":3.3333333333333335,"easy":1.6666666666666667,"overall":3.1666666666666665,"quality":{"good":2,"average":3}}