{"clarity":4.243243243243243,"easy":2.864864864864865,"overall":4.162162162162162,"quality":{"awesome":24,"good":9,"average":4,"awful":4}}