{"clarity":4.7272727272727275,"easy":2.590909090909091,"overall":4.659090909090909,"quality":{"awesome":19,"good":5}}