{"clarity":4.166666666666667,"easy":2.8333333333333335,"overall":4.333333333333333,"quality":{"good":3,"awesome":5}}