{"clarity":2.8076923076923075,"easy":3.3076923076923075,"overall":2.6538461538461537,"quality":{"poor":9,"average":9,"good":3,"awesome":5,"awful":5}}