{"clarity":3.8947368421052633,"easy":2.473684210526316,"overall":3.8421052631578947,"quality":{"poor":3,"good":8,"average":4,"awesome":8}}