{"clarity":4,"easy":2.4615384615384617,"overall":4.0576923076923075,"quality":{"good":10,"awesome":14,"average":4,"poor":2}}