{"clarity":3.4705882352941178,"easy":3.8823529411764706,"overall":3.588235294117647,"quality":{"awesome":10,"good":3,"awful":4,"average":3,"poor":2}}