{"clarity":3.9444444444444446,"easy":2.5555555555555554,"overall":3.9722222222222223,"quality":{"awesome":8,"good":8,"average":4,"poor":2}}