{"clarity":4.333333333333333,"easy":2.3333333333333335,"overall":4.333333333333333,"quality":{"awesome":5,"good":3}}