{"clarity":4.682926829268292,"easy":2.3658536585365852,"overall":4.695121951219512,"quality":{"awesome":35,"poor":2,"good":7}}