{"clarity":2.6787878787878787,"easy":3.912121212121212,"overall":2.659090909090909,"quality":{"awesome":66,"average":51,"poor":58,"good":63,"awful":97}}