{"clarity":3.6666666666666665,"easy":1.8333333333333333,"overall":3.6666666666666665,"quality":{"awesome":5,"awful":2,"poor":2}}