{"clarity":3.870967741935484,"easy":2.4516129032258065,"overall":3.946236559139785,"quality":{"good":33,"awesome":44,"awful":3,"poor":10,"average":8}}