{"clarity":2.9545454545454546,"easy":2,"overall":3.2045454545454546,"quality":{"good":7,"awesome":6,"poor":5,"average":7,"awful":2}}