{"clarity":4.647058823529412,"easy":3.3676470588235294,"overall":4.705882352941177,"quality":{"awesome":62,"good":4,"poor":2,"average":4}}