{"clarity":4.176470588235294,"easy":3.2941176470588234,"overall":4.264705882352941,"quality":{"good":9,"awesome":9,"average":2}}