{"clarity":3.413793103448276,"easy":2.3448275862068964,"overall":3.4827586206896552,"quality":{"awesome":11,"average":5,"poor":6,"good":9,"awful":3}}