{"clarity":4.590909090909091,"easy":2.5681818181818183,"overall":4.25,"quality":{"good":11,"awesome":29,"average":4,"awful":2,"poor":3}}