{"clarity":4.319444444444445,"easy":2.4305555555555554,"overall":4.305555555555555,"quality":{"awesome":53,"good":7,"average":7,"poor":8,"awful":2}}