{"clarity":4.454545454545454,"easy":3.272727272727273,"overall":4.363636363636363,"quality":{"good":5,"awesome":8}}