{"clarity":4.666666666666667,"easy":2.5,"overall":4.666666666666667,"quality":{"good":2,"awesome":6}}