{"clarity":4.454545454545454,"easy":3.3636363636363638,"overall":4.454545454545454,"quality":{"awesome":10,"average":3}}