{"clarity":4.666666666666667,"easy":2.3333333333333335,"overall":4.833333333333333,"quality":{"awesome":4}}