{"clarity":4,"easy":2.923076923076923,"overall":3.8846153846153846,"quality":{"poor":3,"awesome":8,"good":4,"awful":2}}