{"clarity":3.923076923076923,"easy":2.923076923076923,"overall":4.038461538461538,"quality":{"good":8,"awesome":6,"poor":2}}