{"clarity":3.8181818181818183,"easy":1.9090909090909092,"overall":4.181818181818182,"quality":{"awesome":7,"average":4,"good":3}}