{"clarity":2.1818181818181817,"easy":3.272727272727273,"overall":2.1363636363636362,"quality":{"average":4,"good":3,"awful":5,"poor":3}}