{"clarity":3.869565217391304,"easy":3.6666666666666665,"overall":3.6449275362318843,"quality":{"average":11,"good":20,"awesome":30,"awful":6,"poor":7}}