{"clarity":4.142857142857143,"easy":3.5714285714285716,"overall":3.642857142857143,"quality":{"average":3,"good":4,"awesome":3}}