{"clarity":4.84375,"easy":2.59375,"overall":4.859375,"quality":{"awesome":32,"good":2}}