{"clarity":2.176470588235294,"easy":3.2941176470588234,"overall":2.323529411764706,"quality":{"awesome":3,"good":3,"poor":6,"average":4,"awful":6}}