{"clarity":2.3333333333333335,"easy":1.3333333333333333,"overall":2.3333333333333335,"quality":{"awful":3,"awesome":2}}