{"clarity":4.666666666666667,"easy":3.3333333333333335,"overall":4.6,"quality":{"awesome":14,"good":2,"poor":2}}