{"clarity":4.095238095238095,"easy":3.2857142857142856,"overall":3.7857142857142856,"quality":{"good":13,"awesome":6,"average":4,"poor":2}}