{"clarity":3.5294117647058822,"easy":2.588235294117647,"overall":3.5588235294117645,"quality":{"good":7,"awesome":6,"poor":5,"average":3}}