{"clarity":2.739130434782609,"easy":3.3043478260869565,"overall":2.7956521739130435,"quality":{"awesome":23,"average":28,"good":21,"poor":27,"awful":21}}