{"clarity":2.357142857142857,"easy":3.7142857142857144,"overall":2.392857142857143,"quality":{"awesome":9,"awful":14,"average":10,"poor":11,"good":3}}