{"clarity":2.3333333333333335,"easy":4.333333333333333,"overall":2.1666666666666665,"quality":{"awful":3,"awesome":2}}