{"clarity":3,"easy":2.3333333333333335,"overall":3.1666666666666665,"quality":{"awesome":2,"awful":2,"good":2}}