{"clarity":4.542635658914729,"easy":4.054263565891473,"overall":4.62015503875969,"quality":{"awesome":106,"good":19,"average":6,"poor":2}}