{"clarity":4.3076923076923075,"easy":2.5384615384615383,"overall":4.3076923076923075,"quality":{"awesome":11,"good":2,"average":2,"awful":2}}