{"clarity":2.8823529411764706,"easy":3.0588235294117645,"overall":2.8529411764705883,"quality":{"good":6,"poor":4,"awful":5,"average":3,"awesome":4}}