{"clarity":4.571428571428571,"easy":2.7142857142857144,"overall":4.714285714285714,"quality":{"good":2,"awesome":7}}