{"clarity":3.6666666666666665,"easy":3.6666666666666665,"overall":3.5,"quality":{"good":2,"awesome":2,"poor":2}}