{"clarity":4,"easy":2.5714285714285716,"overall":4.142857142857143,"quality":{"awesome":5,"average":2,"good":3}}