{"clarity":4.123287671232877,"easy":3.3835616438356166,"overall":3.719178082191781,"quality":{"average":14,"poor":11,"good":15,"awesome":35,"awful":3}}