{"clarity":3.5714285714285716,"easy":3.4285714285714284,"overall":3.357142857142857,"quality":{"poor":2,"average":4,"good":2,"awesome":3}}