{"clarity":4.555555555555555,"easy":3,"overall":4.666666666666667,"quality":{"awesome":8,"good":3}}