{"clarity":3.710144927536232,"easy":3.6956521739130435,"overall":3.7246376811594204,"quality":{"awesome":36,"good":14,"average":9,"poor":7,"awful":8}}