{"clarity":2.3333333333333335,"easy":3.4166666666666665,"overall":2.2916666666666665,"quality":{"good":3,"awful":6,"average":3,"awesome":2,"poor":3}}