{"clarity":2.909090909090909,"easy":2.8181818181818183,"overall":3.1363636363636362,"quality":{"poor":3,"awesome":6,"good":2,"average":2,"awful":3}}