{"clarity":4.855670103092783,"easy":2.3402061855670104,"overall":4.804123711340206,"quality":{"awesome":92,"good":7}}