{"clarity":3.5555555555555554,"easy":1.8888888888888888,"overall":3.9444444444444446,"quality":{"good":6,"awesome":4,"average":2}}