{"clarity":3.5555555555555554,"easy":2.7777777777777777,"overall":3.6666666666666665,"quality":{"good":3,"awesome":5,"average":2,"poor":3}}