{"clarity":3.3333333333333335,"easy":3.6666666666666665,"overall":3.2777777777777777,"quality":{"good":4,"average":2,"awesome":3,"poor":4}}