{"clarity":2,"easy":1.8333333333333333,"overall":2.0833333333333335,"quality":{"awful":4,"average":3,"good":2}}