{"clarity":2.175675675675676,"easy":3.364864864864865,"overall":2.358108108108108,"quality":{"average":21,"good":12,"awful":22,"poor":17,"awesome":7}}