{"clarity":4.305084745762712,"easy":3.76271186440678,"overall":4.169491525423729,"quality":{"awesome":38,"good":15,"average":5,"awful":4,"poor":2}}