{"clarity":4.166666666666667,"easy":2.1666666666666665,"overall":4.145833333333333,"quality":{"awful":2,"awesome":17,"good":4,"average":5}}