{"clarity":4.714285714285714,"easy":3,"overall":4.785714285714286,"quality":{"awesome":8}}