{"clarity":4.666666666666667,"easy":2.1666666666666665,"overall":4.333333333333333,"quality":{"awesome":5,"average":2,"good":2}}