{"clarity":3.7058823529411766,"easy":2.764705882352941,"overall":3.6176470588235294,"quality":{"average":3,"poor":4,"good":2,"awesome":10,"awful":3}}