{"clarity":3.3333333333333335,"easy":2.3333333333333335,"overall":3.5,"quality":{"awesome":2,"good":2,"poor":2}}