{"clarity":3.3333333333333335,"easy":1.1666666666666667,"overall":3.5833333333333335,"quality":{"awful":2,"awesome":5,"poor":2}}