{"clarity":1.896551724137931,"easy":3.7241379310344827,"overall":2.0344827586206895,"quality":{"awesome":5,"average":5,"awful":17,"poor":4,"good":3}}