{"clarity":1.7777777777777777,"easy":3.7777777777777777,"overall":1.6111111111111112,"quality":{"awful":6,"awesome":2,"poor":4}}