{"clarity":3.953125,"easy":3.4322916666666665,"overall":3.8046875,"quality":{"good":53,"poor":17,"awesome":82,"average":38,"awful":7}}