{"clarity":4.333333333333333,"easy":2,"overall":4.416666666666667,"quality":{"good":4,"awesome":4}}