{"clarity":4.454545454545454,"easy":2,"overall":4.454545454545454,"quality":{"good":3,"poor":2,"awesome":9}}