{"clarity":3.6363636363636362,"easy":3.4545454545454546,"overall":3.9545454545454546,"quality":{"awesome":7,"awful":2,"poor":2,"good":4}}