{"clarity":1.8333333333333333,"easy":3.9444444444444446,"overall":1.7777777777777777,"quality":{"awful":12,"awesome":3,"poor":4,"good":2,"average":2}}