{"clarity":3.347826086956522,"easy":4.608695652173913,"overall":3.4347826086956523,"quality":{"good":4,"average":2,"awful":6,"poor":4,"awesome":12}}