{"clarity":4.826086956521739,"easy":2.130434782608696,"overall":4.804347826086956,"quality":{"awesome":21,"good":4}}