{"clarity":2.3333333333333335,"easy":3,"overall":2.8333333333333335,"quality":{"poor":3,"awesome":2}}