{"clarity":4.1063829787234045,"easy":2.617021276595745,"overall":4.031914893617022,"quality":{"poor":3,"good":20,"awesome":22,"average":6}}