{"clarity":2.1818181818181817,"easy":2.909090909090909,"overall":2.727272727272727,"quality":{"awesome":2,"poor":3,"awful":3,"good":4,"average":4}}