{"clarity":3.3333333333333335,"easy":3.5,"overall":3.6666666666666665,"quality":{"awesome":3,"good":3,"average":2,"poor":2}}