{"clarity":4.942857142857143,"easy":1.8,"overall":4.914285714285715,"quality":{"awesome":35,"good":2}}