{"clarity":2.6666666666666665,"easy":3,"overall":2.8333333333333335,"quality":{"awesome":2,"awful":2,"average":2}}