{"clarity":4.351351351351352,"easy":2.4594594594594597,"overall":4.45945945945946,"quality":{"awesome":30,"average":2,"poor":4,"good":5}}