{"clarity":4.105263157894737,"easy":2.6842105263157894,"overall":4,"quality":{"awesome":8,"good":11,"poor":3}}