{"clarity":2.948717948717949,"easy":2.8974358974358974,"overall":3.0256410256410255,"quality":{"poor":9,"awesome":13,"average":10,"good":5,"awful":7}}