{"clarity":2.861111111111111,"easy":2.6666666666666665,"overall":3.111111111111111,"quality":{"awful":7,"poor":9,"awesome":14,"good":6,"average":5}}