{"clarity":4.473684210526316,"easy":2.1052631578947367,"overall":4.552631578947368,"quality":{"awesome":15,"good":5,"average":2}}