{"clarity":2.6666666666666665,"easy":2.5555555555555554,"overall":2.462962962962963,"quality":{"poor":8,"good":5,"awful":9,"average":5,"awesome":5}}