{"clarity":2.738095238095238,"easy":2.5476190476190474,"overall":2.9642857142857144,"quality":{"awful":10,"average":6,"good":14,"poor":7,"awesome":10}}