{"clarity":3.788732394366197,"easy":2.816901408450704,"overall":3.8661971830985915,"quality":{"awesome":39,"good":14,"average":8,"poor":11,"awful":4}}