{"clarity":2.2222222222222223,"easy":3.7777777777777777,"overall":2.5,"quality":{"poor":3,"awful":3,"average":3,"good":3,"awesome":2}}