{"clarity":3.6470588235294117,"easy":2.9411764705882355,"overall":3.4705882352941178,"quality":{"good":6,"poor":3,"awful":2,"average":5,"awesome":6}}