{"clarity":3.3333333333333335,"easy":3.6666666666666665,"overall":3.25,"quality":{"average":5,"good":3}}