{"clarity":3.6666666666666665,"easy":3.6666666666666665,"overall":4,"quality":{"awesome":3,"average":2}}