{"clarity":1.3333333333333333,"easy":3,"overall":1.3333333333333333,"quality":{"poor":2,"awful":3}}