{"clarity":4.777777777777778,"easy":1.8888888888888888,"overall":4.666666666666667,"quality":{"awesome":8,"good":3}}