{"clarity":4,"easy":2.9285714285714284,"overall":3.892857142857143,"quality":{"good":6,"average":5,"awesome":6}}