{"clarity":4.648648648648648,"easy":2.7972972972972974,"overall":4.47972972972973,"quality":{"awesome":57,"good":13,"average":6,"poor":2}}