{"clarity":4,"easy":3.2857142857142856,"overall":3.7142857142857144,"quality":{"awesome":4,"poor":3,"good":3}}