{"clarity":2.3333333333333335,"easy":3.888888888888889,"overall":2.4444444444444446,"quality":{"awesome":2,"average":5,"poor":5}}