{"clarity":2.4615384615384617,"easy":2.076923076923077,"overall":2.576923076923077,"quality":{"good":8,"average":4,"awful":10,"poor":5,"awesome":4}}