{"clarity":3.8333333333333335,"easy":2.6666666666666665,"overall":3.5833333333333335,"quality":{"awesome":3,"good":3,"poor":2,"average":2}}