{"clarity":4.666666666666667,"easy":2.6666666666666665,"overall":4.75,"quality":{"awesome":6,"good":2}}