{"clarity":2,"easy":2.3333333333333335,"overall":2.6666666666666665,"quality":{"poor":2,"good":2,"average":2}}