{"clarity":3.3333333333333335,"easy":3,"overall":3.3333333333333335,"quality":{"good":3,"poor":2}}