{"clarity":1.6666666666666667,"easy":4.666666666666667,"overall":1.5,"quality":{"average":2,"awful":3}}