{"clarity":2.7142857142857144,"easy":2.2857142857142856,"overall":2.9285714285714284,"quality":{"average":3,"awesome":2,"awful":2,"poor":2,"good":3}}