{"clarity":5,"easy":1.3333333333333333,"overall":4.833333333333333,"quality":{"awesome":4}}