{"clarity":2.6666666666666665,"easy":2,"overall":3.1666666666666665,"quality":{"poor":2,"good":3}}