{"clarity":4.076923076923077,"easy":2.4615384615384617,"overall":4.115384615384615,"quality":{"awesome":6,"average":2,"good":8}}