{"clarity":6.666666666666667,"easy":1.3333333333333333,"overall":6.666666666666667,"quality":{"awesome":7}}