{"clarity":3.909090909090909,"easy":3.1363636363636362,"overall":3.772727272727273,"quality":{"awesome":9,"average":5,"good":8,"poor":4}}