{"clarity":1.826086956521739,"easy":4.782608695652174,"overall":1.934782608695652,"quality":{"awful":13,"good":4,"poor":3,"awesome":2,"average":6}}