{"clarity":1.4444444444444444,"easy":4.555555555555555,"overall":1.4444444444444444,"quality":{"awesome":2,"awful":9}}