{"clarity":1.8888888888888888,"easy":3.4444444444444446,"overall":2.0555555555555554,"quality":{"awful":4,"good":2,"poor":3,"average":4}}