{"clarity":1.1428571428571428,"easy":4.428571428571429,"overall":1.4285714285714286,"quality":{"poor":2,"awful":6,"good":2}}