{"clarity":4.478260869565218,"easy":2.652173913043478,"overall":4.739130434782608,"quality":{"good":4,"awesome":21}}