{"clarity":3.3333333333333335,"easy":3.3333333333333335,"overall":3.8333333333333335,"quality":{"awesome":3,"average":2}}