{"clarity":2.3333333333333335,"easy":4,"overall":2.4444444444444446,"quality":{"awesome":4,"awful":4,"poor":4}}