{"clarity":4.666666666666667,"easy":3,"overall":4.666666666666667,"quality":{"good":2,"awesome":3}}