{"clarity":3.52755905511811,"easy":3.062992125984252,"overall":3.4291338582677167,"quality":{"poor":16,"awesome":36,"average":26,"awful":11,"good":43}}