{"clarity":4.083333333333333,"easy":3.5,"overall":4.291666666666667,"quality":{"awesome":10,"poor":2,"average":3}}