{"clarity":1.2307692307692308,"easy":4.6923076923076925,"overall":1.2692307692307692,"quality":{"awful":10,"average":2,"poor":4}}