{"clarity":2.4545454545454546,"easy":2.727272727272727,"overall":2.727272727272727,"quality":{"poor":4,"average":4,"awesome":4,"awful":3}}