{"clarity":2,"easy":2.6666666666666665,"overall":2.8333333333333335,"quality":{"good":3,"poor":2}}