{"clarity":2.75,"easy":2.5357142857142856,"overall":2.8214285714285716,"quality":{"awful":4,"poor":10,"average":7,"good":6,"awesome":6}}