{"clarity":4.2727272727272725,"easy":2.727272727272727,"overall":4.318181818181818,"quality":{"awesome":7,"good":5,"average":2}}