{"clarity":3.6923076923076925,"easy":3,"overall":3.576923076923077,"quality":{"awful":2,"awesome":7,"good":3,"poor":4,"average":2}}