{"clarity":3.761904761904762,"easy":3.0952380952380953,"overall":3.6746031746031744,"quality":{"awesome":25,"good":22,"awful":3,"average":10,"poor":8}}