{"clarity":3.5789473684210527,"easy":1.894736842105263,"overall":3.710526315789474,"quality":{"awful":3,"poor":3,"good":5,"awesome":10,"average":3}}