{"clarity":3.8333333333333335,"easy":3.5,"overall":3.8333333333333335,"quality":{"awesome":4,"good":2,"average":3}}