{"clarity":3.9285714285714284,"easy":2.7857142857142856,"overall":3.767857142857143,"quality":{"good":12,"awesome":11,"awful":2,"average":3,"poor":5}}