{"clarity":4.354838709677419,"easy":3.193548387096774,"overall":4.387096774193548,"quality":{"awesome":26,"good":2,"average":3,"poor":2,"awful":3}}