{"clarity":4.666666666666667,"easy":3.6666666666666665,"overall":4.166666666666667,"quality":{"good":3,"awesome":2}}