{"clarity":4.666666666666667,"easy":2.3333333333333335,"overall":4.333333333333333,"quality":{"awesome":3,"good":2}}