{"clarity":2,"easy":3.6470588235294117,"overall":2.588235294117647,"quality":{"awful":4,"poor":6,"average":4,"good":5,"awesome":3}}