{"clarity":4,"easy":2.6666666666666665,"overall":4.166666666666667,"quality":{"awesome":3,"average":2}}