{"clarity":3.8095238095238093,"easy":3.3333333333333335,"overall":3.857142857142857,"quality":{"awesome":11,"average":2,"good":8,"poor":3,"awful":2}}