{"clarity":3.2884615384615383,"easy":2.4423076923076925,"overall":3.2211538461538463,"quality":{"awesome":16,"poor":14,"average":12,"good":11,"awful":4}}