{"clarity":3.409090909090909,"easy":2.3181818181818183,"overall":3.6136363636363638,"quality":{"good":11,"awesome":7,"poor":4,"average":4}}