{"clarity":3.033333333333333,"easy":3.316666666666667,"overall":2.933333333333333,"quality":{"awesome":12,"poor":14,"good":15,"average":16,"awful":8}}