{"clarity":4.529411764705882,"easy":2.764705882352941,"overall":4.470588235294118,"quality":{"awesome":14,"average":3,"good":2,"poor":2}}