{"clarity":4,"easy":2.142857142857143,"overall":4.089285714285714,"quality":{"awesome":15,"good":11,"average":4,"poor":2}}