{"clarity":2.727272727272727,"easy":2.212121212121212,"overall":2.6363636363636362,"quality":{"awful":10,"awesome":7,"poor":9,"average":4,"good":8}}