{"clarity":4.0181818181818185,"easy":2.2545454545454544,"overall":4.209090909090909,"quality":{"good":19,"awesome":31,"poor":5,"average":4}}