{"clarity":4.7407407407407405,"easy":2.6666666666666665,"overall":4.814814814814815,"quality":{"awesome":25,"good":4}}