{"clarity":3.020408163265306,"easy":2.122448979591837,"overall":3.4183673469387754,"quality":{"average":15,"awesome":15,"good":15,"poor":4,"awful":5}}