{"clarity":4.129032258064516,"easy":2.2903225806451615,"overall":4.225806451612903,"quality":{"poor":2,"awesome":20,"good":9,"awful":2,"average":3}}