{"clarity":4.070063694267516,"easy":2.961783439490446,"overall":4.047770700636943,"quality":{"average":19,"awesome":88,"good":39,"poor":7,"awful":9}}