{"clarity":4,"easy":3.235294117647059,"overall":3.764705882352941,"quality":{"good":9,"awesome":18,"poor":5,"awful":3,"average":4}}