{"clarity":3.1515151515151514,"easy":4.424242424242424,"overall":3.4242424242424243,"quality":{"awesome":11,"good":13,"poor":5,"average":5,"awful":4}}