{"clarity":1.368421052631579,"easy":3.263157894736842,"overall":1.5263157894736843,"quality":{"poor":10,"awful":9,"average":3}}