{"clarity":2.4285714285714284,"easy":2.6785714285714284,"overall":2.6964285714285716,"quality":{"average":11,"awesome":10,"poor":15,"good":12,"awful":13}}