{"clarity":4.745762711864407,"easy":2.4745762711864407,"overall":4.635593220338983,"quality":{"awesome":52,"good":6,"poor":4}}