{"clarity":3.380952380952381,"easy":4.071428571428571,"overall":3.4761904761904763,"quality":{"awesome":18,"awful":8,"average":9,"good":9,"poor":3}}