{"clarity":4.484848484848484,"easy":3.4545454545454546,"overall":4.4393939393939394,"quality":{"poor":2,"awesome":26,"good":6,"average":3}}