{"clarity":3.5348837209302326,"easy":4.116279069767442,"overall":3.616279069767442,"quality":{"awesome":17,"average":8,"good":14,"poor":6,"awful":3}}