{"clarity":3.972972972972973,"easy":2.7837837837837838,"overall":4.054054054054054,"quality":{"awesome":20,"good":11,"average":7,"poor":3}}