{"clarity":3.9696969696969697,"easy":3.727272727272727,"overall":3.742424242424242,"quality":{"awesome":19,"average":5,"good":5,"awful":5,"poor":4}}