{"clarity":4.545454545454546,"easy":3.5454545454545454,"overall":4.5,"quality":{"awesome":10,"average":3}}