{"clarity":4.583333333333333,"easy":2.9166666666666665,"overall":4.5625,"quality":{"awesome":20,"average":4,"good":3}}