{"clarity":2.2962962962962963,"easy":3.5555555555555554,"overall":2.4444444444444446,"quality":{"awesome":5,"poor":9,"good":5,"awful":8,"average":5}}