{"clarity":3.4285714285714284,"easy":2.4285714285714284,"overall":3.357142857142857,"quality":{"good":4,"awful":2,"poor":5,"awesome":6,"average":2}}