{"clarity":3,"easy":4.666666666666667,"overall":2.8333333333333335,"quality":{"poor":3,"awesome":2}}