{"clarity":4.65625,"easy":1.84375,"overall":4.703125,"quality":{"awesome":26,"good":8}}