{"clarity":4.795918367346939,"easy":2.2653061224489797,"overall":4.836734693877551,"quality":{"awesome":45,"good":6}}