{"clarity":4.378378378378378,"easy":2.3783783783783785,"overall":4.256756756756757,"quality":{"awesome":27,"good":7,"awful":5,"average":2}}