{"clarity":4.594470046082949,"easy":1.976958525345622,"overall":4.490783410138249,"quality":{"awesome":167,"good":31,"average":14,"poor":5,"awful":5}}