{"clarity":3.727272727272727,"easy":2.727272727272727,"overall":3.522727272727273,"quality":{"awful":4,"poor":7,"good":13,"awesome":17,"average":8}}