{"clarity":4.416666666666667,"easy":3.638888888888889,"overall":4.5,"quality":{"awesome":28,"good":8,"average":2,"poor":2}}