{"clarity":4.791666666666667,"easy":2.625,"overall":4.833333333333333,"quality":{"awesome":23,"good":3}}