{"clarity":4.130434782608695,"easy":3,"overall":4.043478260869565,"quality":{"awesome":14,"good":6,"average":5,"awful":2}}