{"clarity":2.8857142857142857,"easy":3.6857142857142855,"overall":2.8142857142857145,"quality":{"average":9,"poor":9,"awful":7,"good":8,"awesome":7}}