{"clarity":3.4313725490196076,"easy":4.549019607843137,"overall":3.607843137254902,"quality":{"awesome":25,"good":10,"average":6,"awful":5,"poor":10}}