{"clarity":4.2727272727272725,"easy":2.3636363636363638,"overall":4.181818181818182,"quality":{"awesome":9,"average":3,"awful":2}}