{"clarity":3.84375,"easy":2.5208333333333335,"overall":3.75,"quality":{"good":39,"poor":9,"awful":7,"average":12,"awesome":34}}