{"clarity":2.4285714285714284,"easy":3.7142857142857144,"overall":2.5,"quality":{"poor":3,"average":4,"awful":2,"awesome":2}}