{"clarity":3.027027027027027,"easy":1.9189189189189189,"overall":3.4324324324324325,"quality":{"awesome":12,"poor":5,"average":12,"good":10,"awful":3}}