{"clarity":3.111111111111111,"easy":2.888888888888889,"overall":3.0833333333333335,"quality":{"poor":7,"awful":3,"awesome":7,"average":3,"good":3}}