{"clarity":3.7777777777777777,"easy":2.4074074074074074,"overall":3.9814814814814814,"quality":{"average":6,"good":11,"awesome":12,"poor":2}}