{"clarity":3.217391304347826,"easy":3.217391304347826,"overall":3.119565217391304,"quality":{"good":11,"awesome":14,"awful":11,"average":10,"poor":5}}