{"clarity":4.195121951219512,"easy":2.4146341463414633,"overall":4.170731707317073,"quality":{"good":10,"awesome":26,"poor":5,"average":4}}