{"clarity":4.2682926829268295,"easy":3.4390243902439024,"overall":4.439024390243903,"quality":{"awesome":29,"good":12,"average":2,"poor":2}}