{"clarity":4.444444444444445,"easy":2.9444444444444446,"overall":4.416666666666667,"quality":{"awesome":15,"poor":2,"good":2,"average":2,"awful":2}}