{"clarity":4.596450617283951,"easy":2.1126543209876543,"overall":4.710648148148148,"quality":{"awesome":59,"good":11,"average":3,"poor":3}}