{"clarity":3.057142857142857,"easy":3.3285714285714287,"overall":3.1214285714285714,"quality":{"awful":14,"poor":14,"good":19,"average":7,"awesome":21}}