{"clarity":3.4074074074074074,"easy":3.111111111111111,"overall":3.1666666666666665,"quality":{"awesome":11,"average":5,"good":4,"awful":5,"poor":7}}