{"clarity":4.428571428571429,"easy":2.357142857142857,"overall":4.392857142857143,"quality":{"awesome":17,"good":13}}