{"clarity":1.9615384615384615,"easy":4.153846153846154,"overall":1.9038461538461537,"quality":{"awful":15,"poor":7,"awesome":4,"average":2,"good":3}}