{"clarity":4.333333333333333,"easy":1.7666666666666666,"overall":4.366666666666666,"quality":{"awesome":21,"good":6,"average":5,"poor":2}}