{"clarity":4.071428571428571,"easy":3.3214285714285716,"overall":3.9464285714285716,"quality":{"poor":5,"good":6,"awesome":16,"average":5}}