{"clarity":3.641025641025641,"easy":3.230769230769231,"overall":3.628205128205128,"quality":{"good":14,"poor":5,"average":9,"awesome":14,"awful":2}}