{"clarity":4.714285714285714,"easy":2.5714285714285716,"overall":4.857142857142857,"quality":{"good":2,"awesome":7}}