{"clarity":3.909090909090909,"easy":2.9545454545454546,"overall":3.7954545454545454,"quality":{"awesome":14,"good":4,"awful":4,"poor":4}}