{"clarity":2.357142857142857,"easy":2.8095238095238093,"overall":2.636904761904762,"quality":{"good":13,"awesome":14,"average":18,"poor":31,"awful":13}}