{"clarity":3.8285714285714287,"easy":3.6285714285714286,"overall":3.642857142857143,"quality":{"awesome":12,"good":12,"poor":8,"average":7}}