{"clarity":4.049019607843137,"easy":3.5686274509803924,"overall":4.102941176470588,"quality":{"awesome":54,"good":33,"poor":7,"average":10,"awful":3}}