{"clarity":3.5833333333333335,"easy":2.375,"overall":3.5833333333333335,"quality":{"poor":3,"average":9,"awesome":11,"good":4,"awful":2}}