{"clarity":4.722222222222222,"easy":1.8333333333333333,"overall":4.666666666666667,"quality":{"awesome":17,"good":2,"average":2}}