{"clarity":3.5483870967741935,"easy":3.2580645161290325,"overall":3.435483870967742,"quality":{"good":6,"poor":5,"awesome":15,"awful":7,"average":3}}