{"clarity":3.2083333333333335,"easy":3.0625,"overall":3.2395833333333335,"quality":{"awful":11,"average":7,"good":11,"awesome":18,"poor":6}}