{"clarity":3.736842105263158,"easy":3.3684210526315788,"overall":3.75,"quality":{"awesome":20,"good":9,"poor":5,"awful":4,"average":5}}