{"clarity":3.948717948717949,"easy":4.051282051282051,"overall":3.91025641025641,"quality":{"poor":7,"awesome":24,"average":2,"good":8,"awful":3}}