{"clarity":4.068181818181818,"easy":2.5454545454545454,"overall":3.909090909090909,"quality":{"awesome":19,"good":17,"average":8,"poor":4}}