{"clarity":3.5165289256198347,"easy":3.8491735537190084,"overall":3.611570247933884,"quality":{"poor":7,"good":9,"awesome":17,"average":13,"awful":3}}