{"clarity":4.483870967741935,"easy":2.8225806451612905,"overall":4.508064516129032,"quality":{"awesome":50,"good":8,"average":5,"poor":2,"awful":2}}