{"clarity":4.171052631578948,"easy":2.4342105263157894,"overall":4.131578947368421,"quality":{"awesome":45,"good":19,"poor":6,"average":8,"awful":3}}