{"clarity":2.5348837209302326,"easy":3.0930232558139537,"overall":2.7093023255813953,"quality":{"awesome":11,"average":9,"awful":13,"poor":9,"good":6}}