{"clarity":3.533333333333333,"easy":2.1666666666666665,"overall":3.7,"quality":{"average":10,"awesome":10,"good":11,"poor":3}}