{"clarity":3.888888888888889,"easy":2.7777777777777777,"overall":4,"quality":{"awesome":6,"average":2,"good":3,"poor":2}}