{"clarity":4.565217391304348,"easy":2,"overall":4.413043478260869,"quality":{"good":4,"awesome":18,"awful":2,"average":3}}