{"clarity":2.473684210526316,"easy":2.6842105263157894,"overall":2.473684210526316,"quality":{"awesome":2,"average":9,"good":4,"awful":6,"poor":3}}