{"clarity":3.4684684684684686,"easy":2.810810810810811,"overall":3.5315315315315314,"quality":{"awful":10,"poor":22,"awesome":47,"good":25,"average":12}}