{"clarity":3.9782608695652173,"easy":2.891304347826087,"overall":3.967391304347826,"quality":{"good":12,"awesome":25,"average":9,"awful":2,"poor":3}}