{"clarity":4.076923076923077,"easy":4.3076923076923075,"overall":4.230769230769231,"quality":{"good":4,"awesome":9,"average":2,"poor":2}}