{"clarity":4.444444444444445,"easy":2.5555555555555554,"overall":4.444444444444445,"quality":{"awesome":7,"good":3,"average":2}}