{"clarity":3.6666666666666665,"easy":2.9166666666666665,"overall":3.8333333333333335,"quality":{"good":4,"average":4,"awesome":6,"awful":2}}