{"clarity":3.8333333333333335,"easy":2.4047619047619047,"overall":3.9761904761904763,"quality":{"awesome":22,"good":14,"average":4,"awful":3,"poor":4}}