{"clarity":2.4871794871794872,"easy":3.641025641025641,"overall":2.641025641025641,"quality":{"good":9,"awesome":7,"awful":7,"average":8,"poor":13}}