{"clarity":3.8966942148760326,"easy":2.2334710743801653,"overall":3.5402892561983474,"quality":{"good":13,"awesome":13,"average":9,"poor":11,"awful":3}}