{"clarity":4.052631578947368,"easy":3.3684210526315788,"overall":4.105263157894737,"quality":{"good":11,"average":9,"awesome":20,"poor":2}}