{"clarity":3.176470588235294,"easy":3.411764705882353,"overall":2.9705882352941178,"quality":{"awesome":4,"average":9,"good":4,"awful":2,"poor":3}}