{"clarity":2.875,"easy":3.3333333333333335,"overall":3.0416666666666665,"quality":{"good":8,"awesome":5,"poor":7,"average":7,"awful":2}}