{"clarity":3.8333333333333335,"easy":2.5,"overall":3.9166666666666665,"quality":{"awesome":4,"awful":2,"good":3}}