{"clarity":4.03030303030303,"easy":3.121212121212121,"overall":3.8484848484848486,"quality":{"awesome":19,"good":3,"average":12,"poor":3}}