{"clarity":3.923076923076923,"easy":3.6153846153846154,"overall":3.625,"quality":{"good":19,"average":12,"awesome":18,"poor":4,"awful":4}}