{"clarity":3.9361702127659575,"easy":2.8085106382978724,"overall":3.702127659574468,"quality":{"awesome":26,"good":7,"average":7,"poor":7,"awful":5}}