{"clarity":2.176470588235294,"easy":3.5294117647058822,"overall":2.235294117647059,"quality":{"good":6,"poor":4,"average":2,"awful":8,"awesome":2}}