{"clarity":3.6363636363636362,"easy":1.7272727272727273,"overall":3.7045454545454546,"quality":{"good":6,"awesome":10,"poor":4,"average":6}}