{"clarity":2.0625,"easy":2.7916666666666665,"overall":2.1979166666666665,"quality":{"awesome":8,"poor":12,"awful":22,"average":6,"good":5}}