{"clarity":3.6666666666666665,"easy":2.8333333333333335,"overall":4,"quality":{"average":2,"awesome":3,"good":4}}