{"clarity":2.3846153846153846,"easy":2.423076923076923,"overall":2.3076923076923075,"quality":{"average":7,"poor":5,"awful":11,"good":5,"awesome":3}}