{"clarity":4.423611111111111,"easy":3.5208333333333335,"overall":4.333333333333333,"quality":{"awesome":9,"good":13,"average":5}}