{"clarity":4.714285714285714,"easy":1.3636363636363635,"overall":4.597402597402597,"quality":{"awesome":60,"good":15,"average":3,"poor":3}}