{"clarity":3.7777777777777777,"easy":3,"overall":3.763888888888889,"quality":{"good":12,"awesome":16,"average":7,"poor":3,"awful":3}}