{"clarity":4.142857142857143,"easy":2.7142857142857144,"overall":4.196428571428571,"quality":{"good":9,"average":3,"awesome":17,"poor":2,"awful":2}}