{"clarity":2.5789473684210527,"easy":3.736842105263158,"overall":2.526315789473684,"quality":{"good":4,"awful":6,"poor":5,"average":6,"awesome":3}}