{"clarity":3.5789473684210527,"easy":3.8684210526315788,"overall":3.513157894736842,"quality":{"good":11,"awful":4,"awesome":14,"poor":5,"average":9}}