{"clarity":4.7894736842105265,"easy":1.5263157894736843,"overall":4.894736842105263,"quality":{"awesome":19,"good":2}}