{"clarity":3.3157894736842106,"easy":2.210526315789474,"overall":3.289473684210526,"quality":{"awful":3,"awesome":7,"average":6,"poor":4,"good":4}}