{"clarity":4.2727272727272725,"easy":2.8,"overall":4.1045454545454545,"quality":{"good":37,"average":16,"awesome":57,"poor":4}}