{"clarity":4.454545454545454,"easy":2.6818181818181817,"overall":4.4772727272727275,"quality":{"average":2,"awesome":20,"poor":3}}