{"clarity":3.5277777777777777,"easy":3.5277777777777777,"overall":3.6805555555555554,"quality":{"poor":3,"average":11,"awful":3,"awesome":17,"good":7}}