{"clarity":3.9545454545454546,"easy":2.5454545454545454,"overall":3.909090909090909,"quality":{"awesome":11,"poor":5,"average":3,"good":7}}