{"clarity":2.6470588235294117,"easy":3.3529411764705883,"overall":2.8529411764705883,"quality":{"awesome":4,"good":5,"average":4,"poor":7,"awful":2}}