{"clarity":3.9565217391304346,"easy":3.608695652173913,"overall":3.869565217391304,"quality":{"awful":2,"good":13,"awesome":23,"average":8,"poor":5}}