{"clarity":3.0833333333333335,"easy":3.25,"overall":3.2916666666666665,"quality":{"good":5,"average":6,"awesome":3,"awful":2}}