{"clarity":4.923076923076923,"easy":2.6153846153846154,"overall":4.961538461538462,"quality":{"awesome":14}}