{"clarity":3.4482758620689653,"easy":3.1724137931034484,"overall":3.3275862068965516,"quality":{"awesome":5,"good":12,"average":11,"poor":5}}