{"clarity":4.523809523809524,"easy":2.142857142857143,"overall":4.380952380952381,"quality":{"awesome":16,"good":4,"average":4}}