{"clarity":4.181818181818182,"easy":3.6818181818181817,"overall":4.204545454545454,"quality":{"awesome":16,"good":5,"poor":3,"awful":2}}