{"clarity":1.3333333333333333,"easy":3.3333333333333335,"overall":1.3333333333333333,"quality":{"awful":3,"poor":2}}