{"clarity":2.7777777777777777,"easy":2.7777777777777777,"overall":2.8703703703703702,"quality":{"good":6,"awesome":8,"poor":8,"awful":5,"average":5}}