{"clarity":3.638888888888889,"easy":2.8055555555555554,"overall":3.736111111111111,"quality":{"awesome":16,"good":10,"average":7,"poor":6,"awful":2}}