{"clarity":4.666666666666667,"easy":1,"overall":4.583333333333333,"quality":{"awesome":6,"average":2}}