{"clarity":2.935483870967742,"easy":2,"overall":2.935483870967742,"quality":{"awesome":6,"average":14,"poor":8,"good":6,"awful":2}}