{"clarity":3.037037037037037,"easy":3.4444444444444446,"overall":3.0555555555555554,"quality":{"awful":9,"poor":2,"awesome":12,"average":5,"good":4}}