{"clarity":4.233333333333333,"easy":1.5333333333333334,"overall":4.166666666666667,"quality":{"awesome":18,"good":7,"average":6,"poor":3}}