{"clarity":3.7333333333333334,"easy":1.4,"overall":3.566666666666667,"quality":{"awesome":6,"good":5,"poor":3,"awful":2,"average":4}}