{"clarity":4.285714285714286,"easy":2.857142857142857,"overall":4.285714285714286,"quality":{"good":8,"awesome":8}}