{"clarity":3.838709677419355,"easy":2.6129032258064515,"overall":3.5806451612903225,"quality":{"average":7,"awesome":8,"awful":2,"good":15,"poor":4}}