{"clarity":3.2285714285714286,"easy":3.6857142857142855,"overall":3.5142857142857142,"quality":{"average":4,"awesome":19,"poor":8,"good":5,"awful":4}}