{"clarity":3.2857142857142856,"easy":2.857142857142857,"overall":3.5,"quality":{"awesome":4,"poor":2,"awful":2,"good":3}}