{"clarity":4.142857142857143,"easy":1.9285714285714286,"overall":4.035714285714286,"quality":{"awesome":8,"average":4,"good":4,"poor":2}}