{"clarity":4.5,"easy":2.4444444444444446,"overall":4.486111111111111,"quality":{"awesome":27,"good":8,"average":3,"poor":2}}