{"clarity":3.3225806451612905,"easy":3.6129032258064515,"overall":3.3225806451612905,"quality":{"awful":5,"average":10,"poor":4,"good":5,"awesome":12}}