{"clarity":4.744186046511628,"easy":3.511627906976744,"overall":4.709302325581396,"quality":{"awesome":38,"average":3,"good":4,"awful":2}}