{"clarity":3.5,"easy":3.576923076923077,"overall":3.423076923076923,"quality":{"good":9,"awesome":9,"average":5,"awful":4,"poor":4}}