{"clarity":2.8333333333333335,"easy":2.7666666666666666,"overall":3.1166666666666667,"quality":{"average":9,"poor":10,"awesome":6,"good":9}}