{"clarity":3.3529411764705883,"easy":4.0588235294117645,"overall":3.323529411764706,"quality":{"awesome":8,"awful":4,"good":2,"average":6,"poor":2}}