{"clarity":4.621621621621622,"easy":3.108108108108108,"overall":4.581081081081081,"quality":{"awesome":30,"awful":2,"good":7,"average":2}}