{"clarity":4.076923076923077,"easy":3.769230769230769,"overall":3.730769230769231,"quality":{"awesome":7,"good":4,"poor":4,"average":2}}