{"clarity":4.260869565217392,"easy":3.217391304347826,"overall":4.391304347826087,"quality":{"awesome":13,"good":12}}