{"clarity":4.363636363636363,"easy":3.3636363636363638,"overall":4.545454545454546,"quality":{"awesome":8,"good":5}}