{"clarity":4.818181818181818,"easy":3.1818181818181817,"overall":4.7272727272727275,"quality":{"good":3,"awesome":10}}