{"clarity":1.7333333333333334,"easy":3.933333333333333,"overall":1.65,"quality":{"awful":20,"poor":6,"good":5,"average":2,"awesome":2}}