{"clarity":2.230769230769231,"easy":3.6153846153846154,"overall":2.1153846153846154,"quality":{"average":2,"poor":8,"awful":4,"awesome":3}}