{"clarity":3.342857142857143,"easy":3.2857142857142856,"overall":3.2,"quality":{"good":11,"awesome":8,"awful":4,"average":11,"poor":6}}