{"clarity":3.526315789473684,"easy":3.0526315789473686,"overall":3.0789473684210527,"quality":{"poor":4,"awesome":5,"average":11,"good":3}}