{"clarity":3.2142857142857144,"easy":3.826530612244898,"overall":3.022959183673469,"quality":{"poor":13,"good":9,"awesome":5,"average":3,"awful":3}}