{"clarity":3.8275862068965516,"easy":2.8620689655172415,"overall":3.896551724137931,"quality":{"average":7,"poor":5,"awesome":16,"good":5}}