{"clarity":3.9411764705882355,"easy":3.235294117647059,"overall":4.117647058823529,"quality":{"awful":2,"awesome":13,"poor":3,"average":3}}