{"clarity":4.666666666666667,"easy":3.2777777777777777,"overall":4.555555555555555,"quality":{"awesome":16,"average":2,"good":2,"poor":2}}