{"clarity":2.1666666666666665,"easy":3.7222222222222223,"overall":2.2777777777777777,"quality":{"awesome":2,"good":4,"average":5,"poor":6,"awful":6}}