{"clarity":3.8518518518518516,"easy":3.4814814814814814,"overall":3.9074074074074074,"quality":{"awful":4,"awesome":17,"average":6,"good":4}}