{"clarity":4,"easy":2.3684210526315788,"overall":4.355263157894737,"quality":{"awesome":25,"good":13,"average":2,"poor":2}}