{"clarity":4.785714285714286,"easy":2.5714285714285716,"overall":4.642857142857143,"quality":{"good":4,"awesome":12}}