{"clarity":4.0476190476190474,"easy":4.428571428571429,"overall":4.0476190476190474,"quality":{"awesome":17,"poor":3,"good":2,"awful":3}}