{"clarity":2.5714285714285716,"easy":2,"overall":2.7857142857142856,"quality":{"average":2,"good":3,"poor":2,"awesome":2,"awful":3}}