{"clarity":2.3333333333333335,"easy":2.7777777777777777,"overall":2.4166666666666665,"quality":{"awesome":3,"average":4,"good":4,"awful":5,"poor":7}}