{"clarity":4.2,"easy":2.257142857142857,"overall":4.114285714285714,"quality":{"average":3,"good":10,"awesome":22,"poor":3,"awful":2}}