{"clarity":3.9523809523809526,"easy":1.7619047619047619,"overall":4.119047619047619,"quality":{"awesome":13,"poor":3,"good":6,"average":3}}