{"clarity":4.074074074074074,"easy":3.5555555555555554,"overall":4.203703703703703,"quality":{"good":7,"awesome":19,"poor":4}}