{"clarity":4,"easy":2.6666666666666665,"overall":4.208333333333333,"quality":{"awesome":9,"awful":2,"good":4}}