{"clarity":2.9310344827586206,"easy":3.7413793103448274,"overall":2.896551724137931,"quality":{"average":12,"poor":17,"awesome":14,"awful":9,"good":11}}