{"clarity":3.8095238095238093,"easy":2.142857142857143,"overall":3.9523809523809526,"quality":{"poor":4,"awesome":13,"good":5,"average":2,"awful":2}}