{"clarity":3.1538461538461537,"easy":3.923076923076923,"overall":3.4423076923076925,"quality":{"good":11,"awesome":7,"average":7,"poor":4,"awful":2}}