{"clarity":3.57716049382716,"easy":2.932098765432099,"overall":3.606481481481481,"quality":{"awesome":9,"good":13,"poor":5,"awful":3,"average":11}}}