{"clarity":4.392857142857143,"easy":3.2857142857142856,"overall":4.321428571428571,"quality":{"awesome":22,"good":4,"poor":2,"average":2,"awful":3}}