{"clarity":4.095238095238095,"easy":1.8571428571428572,"overall":4.357142857142857,"quality":{"awesome":14,"good":7,"average":3}}