{"clarity":4.705882352941177,"easy":2.9411764705882355,"overall":4.794117647058823,"quality":{"good":4,"awesome":15}}