{"clarity":4.428571428571429,"easy":2,"overall":4.571428571428571,"quality":{"awesome":14,"good":2}}