{"clarity":4.133333333333334,"easy":3.716666666666667,"overall":4.233333333333333,"quality":{"awesome":36,"good":21,"awful":5,"average":2}}