{"clarity":4,"easy":3.6818181818181817,"overall":4.113636363636363,"quality":{"awful":2,"awesome":14,"average":6,"good":4}}