{"clarity":3.761904761904762,"easy":3.7142857142857144,"overall":4.023809523809524,"quality":{"poor":4,"awesome":12,"good":6,"average":3}}