{"clarity":3.6206896551724137,"easy":2.6551724137931036,"overall":3.6551724137931036,"quality":{"awesome":14,"average":4,"awful":6,"good":9}}