{"clarity":3.4166666666666665,"easy":2.9166666666666665,"overall":3.6666666666666665,"quality":{"awful":2,"good":2,"poor":4,"awesome":8}}