{"clarity":2.5294117647058822,"easy":2.9411764705882355,"overall":2.7058823529411766,"quality":{"awesome":4,"awful":5,"average":5,"poor":4,"good":4}}