{"clarity":3.9047619047619047,"easy":3.2857142857142856,"overall":3.9285714285714284,"quality":{"awesome":13,"average":4,"awful":2,"good":4,"poor":3}}