{"clarity":3.847058823529412,"easy":2.0823529411764707,"overall":3.9647058823529413,"quality":{"good":19,"awesome":48,"poor":8,"average":11,"awful":4}}