{"clarity":3.0833333333333335,"easy":2.9166666666666665,"overall":3.375,"quality":{"awful":3,"awesome":6,"good":4,"poor":3}}