{"clarity":2.6666666666666665,"easy":3.066666666666667,"overall":2.9,"quality":{"good":5,"average":7,"poor":4,"awful":2,"awesome":2}}