{"clarity":2.9285714285714284,"easy":2.4285714285714284,"overall":3.3035714285714284,"quality":{"good":10,"average":6,"awesome":8,"poor":7,"awful":2}}