{"clarity":4.478260869565218,"easy":2.1739130434782608,"overall":4.434782608695652,"quality":{"awful":3,"good":6,"awesome":17}}