{"clarity":3.5789473684210527,"easy":2.8421052631578947,"overall":3.736842105263158,"quality":{"awesome":11,"awful":3,"average":4,"good":4,"poor":2}}