{"clarity":3.3333333333333335,"easy":2.6666666666666665,"overall":3.1666666666666665,"quality":{"good":2,"poor":2,"awesome":3,"average":2,"awful":2}}