{"clarity":4.612903225806452,"easy":3.6129032258064515,"overall":4.588709677419355,"quality":{"good":8,"awesome":51,"poor":3,"average":4}}