{"clarity":2.380952380952381,"easy":1.7619047619047619,"overall":2.4761904761904763,"quality":{"awesome":5,"awful":7,"good":4,"average":3,"poor":7}}