{"clarity":3.204081632653061,"easy":3.5510204081632653,"overall":3.173469387755102,"quality":{"awesome":16,"average":11,"good":11,"poor":7,"awful":9}}