{"clarity":4.285714285714286,"easy":2.5714285714285716,"overall":4.357142857142857,"quality":{"awesome":6,"good":2,"poor":2}}