{"clarity":2.6842105263157894,"easy":3.5789473684210527,"overall":2.6447368421052633,"quality":{"poor":10,"awful":10,"average":7,"good":9,"awesome":7}}