{"clarity":3.2195065645074132,"easy":3.2926771682462177,"overall":3.2865796179346503,"quality":{"awesome":91,"awful":40,"poor":40,"good":40,"average":43}}