{"clarity":4.2727272727272725,"easy":2.690909090909091,"overall":4.318181818181818,"quality":{"awesome":38,"average":6,"good":12,"awful":2,"poor":2}}