{"clarity":1.2941176470588236,"easy":3.4705882352941178,"overall":1.4264705882352942,"quality":{"poor":9,"awful":23,"good":4,"average":2}}