{"clarity":2.1666666666666665,"easy":4.666666666666667,"overall":2.4166666666666665,"quality":{"awesome":5,"poor":4,"awful":6}}