{"clarity":3.716666666666667,"easy":2.1,"overall":3.8833333333333333,"quality":{"awesome":26,"good":22,"average":10,"poor":6}}