{"clarity":3.9166666666666665,"easy":2.5833333333333335,"overall":3.9583333333333335,"quality":{"good":8,"poor":3,"average":4,"awesome":12,"awful":2}}