{"clarity":3.962962962962963,"easy":2.611111111111111,"overall":3.8796296296296298,"quality":{"good":14,"awesome":29,"poor":5,"average":7,"awful":4}}