{"clarity":3.3636363636363638,"easy":2.727272727272727,"overall":3.3636363636363638,"quality":{"awesome":6,"average":3,"good":2,"poor":3,"awful":2}}