{"clarity":2.28099173553719,"easy":3.8966942148760326,"overall":2.2097107438016526,"quality":{"awful":19,"average":3,"poor":15,"good":5,"awesome":7}}