{"clarity":4.9411764705882355,"easy":1.6470588235294117,"overall":4.9411764705882355,"quality":{"awesome":18}}