{"clarity":4,"easy":3.823529411764706,"overall":4.147058823529412,"quality":{"good":3,"awesome":13,"poor":4}}