{"clarity":3.8181818181818183,"easy":3.727272727272727,"overall":3.909090909090909,"quality":{"good":2,"awful":2,"awesome":8,"poor":3}}