{"clarity":3.3333333333333335,"easy":3.888888888888889,"overall":3.2222222222222223,"quality":{"average":5,"awesome":3,"good":2,"poor":3}}