{"clarity":3.3448275862068964,"easy":4,"overall":3.3448275862068964,"quality":{"awesome":11,"poor":5,"good":9,"average":4,"awful":5}}