{"clarity":3.6216216216216215,"easy":3,"overall":3.7972972972972974,"quality":{"awesome":15,"good":13,"poor":4,"average":8,"awful":2}}