{"clarity":3,"easy":2.857142857142857,"overall":3.0357142857142856,"quality":{"poor":6,"good":4,"awful":2,"awesome":5,"average":2}}