{"clarity":2.0526315789473686,"easy":2.5789473684210527,"overall":2.1315789473684212,"quality":{"average":9,"awful":6,"poor":6,"awesome":2}}