{"clarity":4.333333333333333,"easy":3,"overall":4.333333333333333,"quality":{"awesome":3,"average":2}}