{"clarity":2.8333333333333335,"easy":4.125,"overall":3.0208333333333335,"quality":{"awesome":7,"average":6,"good":5,"poor":10}}