{"clarity":3.9565217391304346,"easy":3.847826086956522,"overall":4.032608695652174,"quality":{"good":6,"awesome":30,"average":6,"poor":6,"awful":3}}