{"clarity":2.7906976744186047,"easy":2.7209302325581395,"overall":2.9651162790697674,"quality":{"good":13,"poor":6,"awful":10,"average":9,"awesome":10}}