{"clarity":3.1818181818181817,"easy":2.727272727272727,"overall":3.227272727272727,"quality":{"awful":3,"good":2,"awesome":6,"poor":4}}