{"clarity":3.391304347826087,"easy":2.391304347826087,"overall":3.608695652173913,"quality":{"awesome":10,"good":8,"poor":3,"average":4,"awful":3}}