{"clarity":1.6666666666666667,"easy":2.2222222222222223,"overall":1.6111111111111112,"quality":{"awful":5,"poor":5,"good":2}}