{"clarity":3.4210526315789473,"easy":2.8947368421052633,"overall":3.3684210526315788,"quality":{"poor":4,"awesome":8,"good":6,"average":2,"awful":4}}