{"clarity":3.018181818181818,"easy":3.290909090909091,"overall":2.918181818181818,"quality":{"poor":12,"good":16,"awful":8,"average":15,"awesome":9}}