{"clarity":4.033333333333333,"easy":2.8333333333333335,"overall":4.166666666666667,"quality":{"awesome":18,"good":9,"average":5,"poor":2}}