{"clarity":2.9456521739130435,"easy":3.25,"overall":3.051630434782609,"quality":{"poor":45,"good":22,"awful":32,"awesome":62,"average":28}}