{"clarity":3.5132294989679114,"easy":2.99943704259711,"overall":3.3049352598986674,"quality":{"good":43,"awesome":39,"average":27,"awful":9,"poor":33}}