{"clarity":1.641025641025641,"easy":3.230769230769231,"overall":1.7564102564102564,"quality":{"good":5,"poor":14,"awful":19,"average":4,"awesome":2}}