{"clarity":3.111111111111111,"easy":3.111111111111111,"overall":3.0277777777777777,"quality":{"awful":6,"average":2,"poor":4,"awesome":7,"good":4}}