{"clarity":3.857142857142857,"easy":3.380952380952381,"overall":3.5476190476190474,"quality":{"awesome":8,"average":8,"good":5,"poor":4}}