{"clarity":3.2830188679245285,"easy":3.1132075471698113,"overall":3.0849056603773586,"quality":{"poor":9,"average":9,"awful":10,"good":16,"awesome":14}}