{"clarity":2.4324324324324325,"easy":3.4594594594594597,"overall":2.6216216216216215,"quality":{"average":15,"awesome":8,"good":3,"poor":7,"awful":9}}