{"clarity":2.870967741935484,"easy":2.903225806451613,"overall":2.725806451612903,"quality":{"poor":8,"good":8,"awesome":6,"awful":8,"average":6}}