{"clarity":3.8,"easy":3.066666666666667,"overall":3.7666666666666666,"quality":{"average":6,"awesome":7,"good":4,"awful":2}}