{"clarity":2.1184210526315788,"easy":3.013157894736842,"overall":2.0789473684210527,"quality":{"awful":25,"poor":31,"awesome":7,"good":9,"average":9}}