{"clarity":4.857142857142857,"easy":2.857142857142857,"overall":4.928571428571429,"quality":{"awesome":8}}