{"clarity":5,"easy":1.6666666666666667,"overall":4.888888888888889,"quality":{"awesome":10}}