{"clarity":4.333333333333333,"easy":2.8333333333333335,"overall":4.583333333333333,"quality":{"good":3,"awesome":5}}