{"clarity":2.3529411764705883,"easy":4.470588235294118,"overall":2.3088235294117645,"quality":{"good":8,"awful":13,"poor":6,"average":10,"awesome":2}}