{"clarity":4.909090909090909,"easy":2.8181818181818183,"overall":4.954545454545454,"quality":{"awesome":12}}