{"clarity":4.378775510204082,"easy":2.850612244897959,"overall":4.2759183673469385,"quality":{"good":15,"awesome":45,"awful":5,"average":7,"poor":3}}