{"clarity":4.886363636363637,"easy":3.159090909090909,"overall":4.8522727272727275,"quality":{"awesome":43,"good":2,"average":2}}