{"clarity":3.3333333333333335,"easy":4.194444444444445,"overall":3.0972222222222223,"quality":{"good":7,"awesome":11,"awful":6,"poor":8,"average":9}}