{"clarity":4.315789473684211,"easy":3.3684210526315788,"overall":4.2368421052631575,"quality":{"awesome":14,"awful":2,"good":5,"average":2}}