{"clarity":3.4473684210526314,"easy":2.6052631578947367,"overall":3.4342105263157894,"quality":{"awesome":13,"poor":6,"good":10,"average":11,"awful":3}}