{"clarity":2.6363636363636362,"easy":4.181818181818182,"overall":2.4545454545454546,"quality":{"awful":5,"good":2,"poor":2,"awesome":3,"average":4}}