{"clarity":4.046875,"easy":3.34375,"overall":4.0390625,"quality":{"good":21,"awesome":31,"poor":5,"average":11}}