{"clarity":4.555555555555555,"easy":3.6666666666666665,"overall":4.527777777777778,"quality":{"awesome":15,"average":3,"good":3}}