{"clarity":3.142857142857143,"easy":2.857142857142857,"overall":3.1607142857142856,"quality":{"awesome":8,"good":10,"awful":7,"average":5,"poor":3}}