{"clarity":2.740740740740741,"easy":2.462962962962963,"overall":2.6944444444444446,"quality":{"poor":14,"awful":12,"good":9,"awesome":11,"average":13}}