{"clarity":3.3076923076923075,"easy":2.3846153846153846,"overall":3.4615384615384617,"quality":{"good":2,"average":5,"awesome":6,"poor":4}}