{"clarity":2.4285714285714284,"easy":3,"overall":2.4285714285714284,"quality":{"awful":3,"poor":3,"average":2,"awesome":3}}