{"clarity":3.2857142857142856,"easy":3.142857142857143,"overall":3.5,"quality":{"awesome":4,"average":2,"poor":3,"good":2}}