{"clarity":4.261224489795918,"easy":2.6155102040816325,"overall":4.1289795918367345,"quality":{"awesome":33,"good":25,"poor":5,"average":7,"awful":5}}