{"clarity":3.310344827586207,"easy":2.7241379310344827,"overall":3.5689655172413794,"quality":{"good":14,"poor":5,"average":4,"awful":2,"awesome":9}}