{"clarity":3.8333333333333335,"easy":2.8333333333333335,"overall":3.8333333333333335,"quality":{"poor":3,"awesome":5}}