{"clarity":4.658536585365853,"easy":2.4390243902439024,"overall":4.695121951219512,"quality":{"awesome":37,"poor":2,"good":4,"average":2}}