{"clarity":3.411764705882353,"easy":2.9411764705882355,"overall":3.5,"quality":{"awesome":4,"good":10,"average":3,"poor":4}}