{"clarity":2.4285714285714284,"easy":2.857142857142857,"overall":3.0357142857142856,"quality":{"awful":3,"good":9,"average":2,"poor":3,"awesome":2}}