{"clarity":3.9166666666666665,"easy":2.6666666666666665,"overall":3.9375,"quality":{"awesome":12,"good":9,"awful":2,"average":4,"poor":2}}