{"clarity":3.7857142857142856,"easy":2.7142857142857144,"overall":3.7857142857142856,"quality":{"good":5,"awesome":7,"poor":4,"average":2}}