{"clarity":3.3333333333333335,"easy":3.1666666666666665,"overall":3.4166666666666665,"quality":{"average":3,"poor":2,"awesome":2,"good":3}}