{"clarity":4.476190476190476,"easy":2.9047619047619047,"overall":4.357142857142857,"quality":{"awesome":14,"good":7,"average":3}}