{"clarity":4.794117647058823,"easy":2.088235294117647,"overall":4.823529411764706,"quality":{"awesome":31,"good":4,"average":2}}