{"clarity":3.242424242424242,"easy":2.9696969696969697,"overall":3.393939393939394,"quality":{"awesome":11,"average":9,"poor":6,"awful":3,"good":9}}