{"clarity":4.428571428571429,"easy":3.4285714285714284,"overall":4.357142857142857,"quality":{"poor":2,"good":4,"awesome":10,"average":2}}