{"clarity":3.3333333333333335,"easy":2.6666666666666665,"overall":3.5,"quality":{"awesome":3,"good":3,"awful":2,"poor":2}}