{"clarity":3.2857142857142856,"easy":3.2857142857142856,"overall":3.5,"quality":{"poor":3,"average":2,"awesome":4,"good":2}}