{"clarity":4.666666666666667,"easy":2.6666666666666665,"overall":4.666666666666667,"quality":{"good":2,"awesome":3}}