{"clarity":3.5517241379310347,"easy":4.172413793103448,"overall":3.4482758620689653,"quality":{"good":6,"poor":6,"average":5,"awesome":13,"awful":4}}