{"clarity":4.086956521739131,"easy":2.347826086956522,"overall":4.173913043478261,"quality":{"awesome":16,"good":5,"average":4,"poor":2}}