{"clarity":4.148148148148148,"easy":2.5185185185185186,"overall":4.111111111111111,"quality":{"awful":3,"average":3,"awesome":18,"good":7}}