{"clarity":3.7857142857142856,"easy":1.9285714285714286,"overall":3.7857142857142856,"quality":{"awesome":8,"average":5,"poor":3,"good":2}}