{"clarity":2.5,"easy":3.2222222222222223,"overall":2.4166666666666665,"quality":{"awful":7,"poor":5,"average":4,"awesome":5,"good":2}}