{"clarity":4.845663265306123,"easy":2.996173469387755,"overall":4.790178571428571,"quality":{"awesome":51,"good":3,"poor":5}}