{"clarity":4.769230769230769,"easy":3.3846153846153846,"overall":4.538461538461538,"quality":{"awesome":12,"good":3}}