{"clarity":4.2727272727272725,"easy":3.090909090909091,"overall":4.136363636363637,"quality":{"awesome":7,"good":3,"average":4}}