{"clarity":4.333333333333333,"easy":3,"overall":4.444444444444445,"quality":{"awesome":9,"awful":2}}