{"clarity":3,"easy":3.066666666666667,"overall":3.2333333333333334,"quality":{"good":9,"average":9,"awful":4,"awesome":8,"poor":5}}