{"clarity":2.230769230769231,"easy":4.461538461538462,"overall":2.1538461538461537,"quality":{"poor":5,"awful":4,"average":5,"awesome":2,"good":2}}