{"clarity":3.1818181818181817,"easy":3.1818181818181817,"overall":3.590909090909091,"quality":{"average":3,"good":5,"awesome":4,"poor":3}}