{"clarity":4.037037037037037,"easy":2.5925925925925926,"overall":4.055555555555555,"quality":{"good":14,"awesome":12,"average":4}}