{"clarity":4.166666666666667,"easy":3.8333333333333335,"overall":4.166666666666667,"quality":{"poor":2,"awesome":6}}