{"clarity":2.8461538461538463,"easy":4,"overall":3.076923076923077,"quality":{"awesome":4,"good":6,"average":2,"awful":4,"poor":2}}