{"clarity":3.4814814814814814,"easy":3.037037037037037,"overall":3.462962962962963,"quality":{"average":5,"awesome":11,"awful":3,"poor":6,"good":7}}