{"clarity":2.4166666666666665,"easy":2.9166666666666665,"overall":2.5833333333333335,"quality":{"poor":6,"awful":2,"average":4,"awesome":3,"good":2}}