{"clarity":2.264705882352941,"easy":3.5588235294117645,"overall":2.2941176470588234,"quality":{"awful":8,"good":4,"poor":15,"average":6,"awesome":6}}