{"clarity":4.358974358974359,"easy":3.1538461538461537,"overall":4.141025641025641,"quality":{"awesome":25,"average":6,"good":8,"poor":3,"awful":2}}