{"clarity":3.5294117647058822,"easy":3.0588235294117645,"overall":3.6470588235294117,"quality":{"awesome":8,"good":5,"poor":3,"average":3,"awful":3}}