{"clarity":2.9047619047619047,"easy":3.9047619047619047,"overall":3.0238095238095237,"quality":{"awesome":9,"average":3,"poor":6,"good":3,"awful":5}}