{"clarity":4.2631578947368425,"easy":3.789473684210526,"overall":4.315789473684211,"quality":{"average":3,"awesome":15,"good":3,"poor":2}}