{"clarity":2.6153846153846154,"easy":2.8461538461538463,"overall":3.0384615384615383,"quality":{"average":5,"poor":5,"awesome":3,"good":4}}