{"clarity":2.5,"easy":3.411764705882353,"overall":2.5441176470588234,"quality":{"awful":10,"average":10,"good":7,"poor":7,"awesome":5}}