{"clarity":3.9310344827586206,"easy":2.206896551724138,"overall":3.689655172413793,"quality":{"awesome":24,"good":17,"average":13,"awful":4,"poor":5}}