{"clarity":4,"easy":2.2222222222222223,"overall":4.111111111111111,"quality":{"awesome":6,"average":3,"good":3}}