{"clarity":4.333333333333333,"easy":3,"overall":4.083333333333333,"quality":{"good":3,"awesome":4,"average":2}}