{"clarity":4.166666666666667,"easy":3.0833333333333335,"overall":4.416666666666667,"quality":{"awesome":9,"good":4,"average":2}}