{"clarity":4.833333333333333,"easy":2.2777777777777777,"overall":4.75,"quality":{"awesome":17,"average":2,"good":2}}