{"clarity":4,"easy":2.6666666666666665,"overall":3.8333333333333335,"quality":{"poor":2,"awesome":3}}