{"clarity":2.5384615384615383,"easy":3.6923076923076925,"overall":2.5,"quality":{"awesome":5,"awful":6,"average":3,"poor":3}}