{"clarity":3.642857142857143,"easy":2.9285714285714284,"overall":3.5714285714285716,"quality":{"awesome":9,"poor":3,"good":2,"average":2,"awful":3}}