{"clarity":3.9047619047619047,"easy":3.8095238095238093,"overall":3.9761904761904763,"quality":{"awesome":10,"poor":2,"good":10,"average":3}}