{"clarity":3.6842105263157894,"easy":3.526315789473684,"overall":3.6052631578947367,"quality":{"awesome":12,"average":4,"good":2,"poor":2,"awful":4}}