{"clarity":3.888888888888889,"easy":2.6666666666666665,"overall":3.9444444444444446,"quality":{"good":2,"awesome":6,"poor":2,"average":3}}