{"clarity":4.277777777777778,"easy":2.4444444444444446,"overall":4.25,"quality":{"awesome":13,"awful":2,"good":5,"average":2}}