{"clarity":4.333333333333333,"easy":2.6666666666666665,"overall":4.5,"quality":{"good":2,"awesome":3}}