{"clarity":4.363636363636363,"easy":2.3636363636363638,"overall":4.409090909090909,"quality":{"good":6,"awesome":7}}