{"clarity":3.6666666666666665,"easy":2.933333333333333,"overall":3.4,"quality":{"poor":3,"awesome":7,"good":4,"average":3,"awful":3}}