{"clarity":4.446808510638298,"easy":3.3404255319148937,"overall":4.3936170212765955,"quality":{"awesome":30,"good":17,"average":3}}