{"clarity":3.0588235294117645,"easy":2.823529411764706,"overall":2.9411764705882355,"quality":{"good":4,"awesome":5,"average":6,"poor":4,"awful":3}}