{"clarity":5,"easy":1.6666666666666667,"overall":4.833333333333333,"quality":{"awesome":4}}