{"clarity":3,"easy":3.7142857142857144,"overall":3.357142857142857,"quality":{"awesome":4,"awful":2,"poor":2,"average":2,"good":2}}