{"clarity":3.6666666666666665,"easy":4,"overall":3.6666666666666665,"quality":{"average":2,"good":2,"awesome":2}}