{"clarity":2.5833333333333335,"easy":2.75,"overall":2.8333333333333335,"quality":{"good":5,"average":2,"poor":4,"awful":3,"awesome":3}}