{"clarity":3.3076923076923075,"easy":3,"overall":3.076923076923077,"quality":{"awesome":5,"awful":3,"poor":3,"average":4,"good":3}}