{"clarity":4.083333333333333,"easy":3.4166666666666665,"overall":3.9583333333333335,"quality":{"awesome":9,"good":2,"awful":2,"average":2,"poor":2}}