{"clarity":2.7777777777777777,"easy":2.3333333333333335,"overall":3.2222222222222223,"quality":{"awful":2,"average":4,"awesome":4,"poor":2,"good":2}}