{"clarity":4.444444444444445,"easy":3.111111111111111,"overall":4.666666666666667,"quality":{"good":3,"poor":3,"awesome":3}}