{"clarity":4.714285714285714,"easy":3.2857142857142856,"overall":4.714285714285714,"quality":{"good":2,"awesome":7}}