{"clarity":4.5,"easy":2.8333333333333335,"overall":4.416666666666667,"quality":{"good":3,"awesome":5}}