{"clarity":3.3333333333333335,"easy":1.6666666666666667,"overall":3,"quality":{"average":3,"good":2}}