{"clarity":2.1666666666666665,"easy":3.1666666666666665,"overall":2.5833333333333335,"quality":{"good":3,"poor":5}}