{"clarity":4.566666666666666,"easy":2.6666666666666665,"overall":4.483333333333333,"quality":{"awesome":24,"good":6,"poor":2,"awful":2}}