{"clarity":2.5517241379310347,"easy":3.4827586206896552,"overall":2.5,"quality":{"awesome":5,"good":8,"poor":7,"average":4,"awful":10}}