{"clarity":3.5925925925925926,"easy":3.6666666666666665,"overall":3.7777777777777777,"quality":{"good":9,"awful":3,"awesome":13,"average":4,"poor":3}}