{"clarity":4.555555555555555,"easy":3.2222222222222223,"overall":4.555555555555555,"quality":{"awesome":9,"poor":2}}