{"clarity":4.507936507936508,"easy":2.5396825396825395,"overall":4.325396825396825,"quality":{"good":12,"poor":6,"average":5,"awesome":44}}