{"clarity":2.909090909090909,"easy":2.4242424242424243,"overall":2.803030303030303,"quality":{"average":7,"good":8,"awesome":7,"poor":11,"awful":5}}