{"clarity":4.256410256410256,"easy":2,"overall":4.0256410256410255,"quality":{"awesome":23,"poor":4,"average":6,"awful":2,"good":9}}