{"clarity":4.166666666666667,"easy":1.6666666666666667,"overall":4.333333333333333,"quality":{"awesome":5,"good":2,"average":2}}