{"clarity":4.666666666666667,"easy":3.2222222222222223,"overall":4.666666666666667,"quality":{"awesome":9,"good":2}}