{"clarity":3.176470588235294,"easy":2.6470588235294117,"overall":3.2941176470588234,"quality":{"awesome":10,"average":3,"poor":3,"awful":5}}