{"clarity":2.1666666666666665,"easy":3.611111111111111,"overall":2.3333333333333335,"quality":{"average":11,"awful":6,"poor":15,"good":8}}