{"clarity":4.387323943661972,"easy":2.4014084507042255,"overall":4.47887323943662,"quality":{"awesome":109,"good":21,"average":8,"awful":4,"poor":5}}