{"clarity":2.6666666666666665,"easy":2.888888888888889,"overall":2.5555555555555554,"quality":{"average":3,"awesome":2,"awful":3,"poor":3,"good":3}}