{"clarity":4.333333333333333,"easy":2.3333333333333335,"overall":4.5,"quality":{"awesome":3,"good":2}}