{"clarity":3,"easy":1.9411764705882353,"overall":3.2058823529411766,"quality":{"average":4,"good":5,"awesome":6,"poor":4,"awful":3}}