{"clarity":2.1228070175438596,"easy":4.157894736842105,"overall":2.2280701754385963,"quality":{"poor":23,"average":12,"awful":15,"awesome":6,"good":6}}