{"clarity":4.461538461538462,"easy":2.923076923076923,"overall":4.576923076923077,"quality":{"awesome":13,"awful":2}}