{"clarity":2.1666666666666665,"easy":2.5,"overall":2.6666666666666665,"quality":{"good":4,"poor":2,"awful":3}}