{"clarity":4.416666666666667,"easy":2.9166666666666665,"overall":4.291666666666667,"quality":{"average":3,"good":4,"awesome":8}}