{"clarity":2.652173913043478,"easy":3,"overall":2.717391304347826,"quality":{"average":9,"awful":4,"poor":7,"awesome":6,"good":2}}