{"clarity":5.218934911242603,"easy":2.7337278106508878,"overall":5.053254437869823,"quality":{"good":5,"awesome":23}}