{"clarity":3.611111111111111,"easy":2.111111111111111,"overall":3.8055555555555554,"quality":{"average":7,"awesome":8,"good":5,"poor":2}}