{"clarity":2.6,"easy":3.3333333333333335,"overall":2.466666666666667,"quality":{"awful":7,"good":6,"awesome":2,"poor":2,"average":3}}