{"clarity":4.675675675675675,"easy":2,"overall":4.6891891891891895,"quality":{"good":5,"awesome":32,"average":3}}