{"clarity":2.6923076923076925,"easy":3.769230769230769,"overall":3.076923076923077,"quality":{"awesome":7,"average":2,"poor":3,"good":2,"awful":4}}