{"clarity":2.423076923076923,"easy":2.423076923076923,"overall":2.4615384615384617,"quality":{"awful":7,"awesome":6,"poor":10,"average":5,"good":3}}