{"clarity":3.857142857142857,"easy":3.357142857142857,"overall":3.7857142857142856,"quality":{"awesome":6,"average":5,"good":5,"poor":2}}