{"clarity":4.888888888888889,"easy":1.5555555555555556,"overall":4.833333333333333,"quality":{"awesome":9,"good":2}}