{"clarity":4.642857142857143,"easy":2.7142857142857144,"overall":4.535714285714286,"quality":{"good":6,"awesome":10}}