{"clarity":2.2857142857142856,"easy":3.2857142857142856,"overall":2.7857142857142856,"quality":{"average":5,"awesome":2,"awful":2,"poor":2}}