{"clarity":3.6666666666666665,"easy":2.3333333333333335,"overall":3.8333333333333335,"quality":{"good":2,"awesome":2,"average":2}}