{"clarity":3.5555555555555554,"easy":2.2222222222222223,"overall":3.4444444444444446,"quality":{"average":3,"good":6,"awful":2,"awesome":2}}