{"clarity":3.037037037037037,"easy":2.814814814814815,"overall":3.111111111111111,"quality":{"awful":3,"poor":8,"good":7,"awesome":7,"average":7}}