{"clarity":3.6666666666666665,"easy":1.8205128205128205,"overall":3.871794871794872,"quality":{"awesome":18,"good":13,"poor":5,"average":7}}