{"clarity":3.742857142857143,"easy":3.4285714285714284,"overall":3.9571428571428573,"quality":{"awesome":19,"average":3,"good":12,"poor":4,"awful":2}}