{"clarity":3,"easy":2.6666666666666665,"overall":3.6666666666666665,"quality":{"good":3,"average":2}}