{"clarity":3.8333333333333335,"easy":2.3333333333333335,"overall":4,"quality":{"awesome":3,"good":4,"average":2}}