{"clarity":4.111111111111111,"easy":3.0555555555555554,"overall":4.138888888888889,"quality":{"awesome":14,"good":2,"average":3,"awful":3}}