{"clarity":4.181818181818182,"easy":2.606060606060606,"overall":4.03030303030303,"quality":{"awesome":17,"good":11,"average":6,"poor":3}}