{"clarity":2.4285714285714284,"easy":3.142857142857143,"overall":2.4285714285714284,"quality":{"average":4,"awful":2,"poor":3,"good":2}}