{"clarity":4.244897959183674,"easy":3.4285714285714284,"overall":4,"quality":{"average":7,"good":5,"awesome":5}}