{"clarity":4.363636363636363,"easy":3,"overall":4.2272727272727275,"quality":{"awesome":10,"poor":3}}