{"clarity":3.5185185185185186,"easy":3.5925925925925926,"overall":3.462962962962963,"quality":{"awful":4,"awesome":14,"good":5,"poor":7,"average":2}}