{"clarity":4.024390243902439,"easy":3.231707317073171,"overall":4.060975609756097,"quality":{"awesome":48,"awful":5,"average":10,"good":20,"poor":4}}