{"clarity":4.360655737704918,"easy":1.4426229508196722,"overall":4.360655737704918,"quality":{"awesome":41,"good":15,"poor":4,"awful":2,"average":4}}