{"clarity":2.6666666666666665,"easy":2.6666666666666665,"overall":3,"quality":{"good":3,"awful":2}}