{"clarity":4.333333333333333,"easy":2.1666666666666665,"overall":4.5,"quality":{"awesome":10,"good":4}}