{"clarity":4.833333333333333,"easy":2,"overall":4.833333333333333,"quality":{"awesome":6,"good":2}}