{"clarity":2.3684210526315788,"easy":3.736842105263158,"overall":2.3684210526315788,"quality":{"awesome":3,"good":5,"average":4,"awful":8,"poor":4}}