{"clarity":3.6666666666666665,"easy":3.3333333333333335,"overall":3.7083333333333335,"quality":{"average":7,"good":3,"awesome":5}}