{"clarity":4.333333333333333,"easy":2.7777777777777777,"overall":4.555555555555555,"quality":{"awesome":8,"good":3}}