{"clarity":2,"easy":2.857142857142857,"overall":2.2857142857142856,"quality":{"good":3,"average":3,"poor":2,"awful":3}}