{"clarity":4.782608695652174,"easy":2.347826086956522,"overall":4.782608695652174,"quality":{"awesome":22,"good":3}}