{"clarity":4.038461538461538,"easy":3.1153846153846154,"overall":4.076923076923077,"quality":{"good":5,"awesome":17,"average":3,"poor":5}}