{"clarity":2.210526315789474,"easy":3.8421052631578947,"overall":2.289473684210526,"quality":{"awful":6,"awesome":4,"poor":8,"good":4,"average":2}}