{"clarity":4.384615384615385,"easy":2.3076923076923075,"overall":4.269230769230769,"quality":{"awesome":8,"good":6,"average":2}}