{"clarity":2.6666666666666665,"easy":1.6666666666666667,"overall":2.6666666666666665,"quality":{"awful":2,"poor":2,"awesome":2}}