{"clarity":2.8181818181818183,"easy":3,"overall":3.1363636363636362,"quality":{"good":4,"awesome":4,"average":4,"poor":2,"awful":2}}