{"clarity":2.1666666666666665,"easy":3.6666666666666665,"overall":2.75,"quality":{"awesome":2,"average":3,"poor":2,"good":2,"awful":2}}