{"clarity":3.427480916030534,"easy":3.7022900763358777,"overall":3.4389312977099236,"quality":{"awesome":53,"good":28,"average":17,"poor":24,"awful":14}}