{"clarity":4.444444444444445,"easy":2.5555555555555554,"overall":4.472222222222222,"quality":{"good":3,"awesome":15,"poor":2,"average":2}}