{"clarity":3.2666666666666666,"easy":2.6666666666666665,"overall":3.2333333333333334,"quality":{"awesome":4,"average":4,"poor":5,"good":6}}