{"clarity":2.6666666666666665,"easy":4,"overall":2.8333333333333335,"quality":{"good":3,"awful":2}}