{"clarity":2.5588235294117645,"easy":3.3823529411764706,"overall":2.7058823529411766,"quality":{"awful":7,"poor":9,"average":10,"good":7,"awesome":6}}