{"clarity":3.6363636363636362,"easy":2.1818181818181817,"overall":3.8181818181818183,"quality":{"poor":3,"awesome":7,"average":3,"good":2}}