{"clarity":2.526315789473684,"easy":2.6315789473684212,"overall":2.8421052631578947,"quality":{"poor":5,"good":4,"awesome":5,"average":6,"awful":4}}