{"clarity":3.2051282051282053,"easy":3.128205128205128,"overall":3.5256410256410255,"quality":{"awesome":16,"good":10,"poor":7,"average":8,"awful":3}}