{"clarity":4.333333333333333,"easy":3.1666666666666665,"overall":4.583333333333333,"quality":{"awesome":6,"good":2}}