{"clarity":2,"easy":2.8333333333333335,"overall":2.1666666666666665,"quality":{"awful":4,"awesome":2,"good":2,"poor":2}}