{"clarity":4.555555555555555,"easy":3.2222222222222223,"overall":4.5,"quality":{"awesome":7,"good":4}}