{"clarity":2.7142857142857144,"easy":4,"overall":2.7857142857142856,"quality":{"good":5,"awful":2,"average":2,"poor":2}}