{"clarity":3.8421052631578947,"easy":3.3157894736842106,"overall":3.789473684210526,"quality":{"awesome":11,"poor":3,"good":5,"average":2,"awful":3}}